criterion,learning_rate,max_depth,max_features,min_samples_leaf,min_samples_split,n_estimators,dataset
0.000721459640156082,0.09491376033263617,0.025934573601089268,0.1965010037766259,0.06613840929048917,0.006136368989351829,0.011909935360115273,AP_Breast_Omentum.csv
0.0033898341665084407,0.15050497656583028,0.009197600940681205,0.04587681298286461,0.016696364008877546,0.015175478439678656,0.01899322888393337,AP_Breast_Prostate.csv
0.00042150715493173216,0.06323937529017196,0.02562659286951645,0.009024142365146473,0.07375457946502373,0.002654143084960333,0.01574341306090047,analcatdata_homerun.csv
0.0011307460847286848,0.21227634991384545,0.010471480440559507,0.04055325798259999,0.03314860339725674,0.007496894619033272,0.027639879713296917,phpGUrE90.csv
4.7348769947290144e-05,0.8625700060500442,0.02300104080244905,0.001566157561848207,0.002857926878396506,0.0009608900709664963,0.0033360127194037442,dataset_187_abalone.csv
0.0006120982670044865,0.04940300722272917,0.034343270533490095,0.018509642679781363,0.16793583565501866,0.0031905850610717216,0.005538513121852311,dataset_189_baseball.csv
0.0006672147963999077,0.2202241177067853,0.01852873157866183,0.034938042387520685,0.04251536188771582,0.006838916529567236,0.020586958904779237,dataset_31_credit-g.csv
0.00021767647278881665,0.4438730704334604,0.045149431424412016,0.012638305423233041,0.008111886654838644,0.0019164035038635816,0.014788668198561703,phpNevWWL.csv
0.0005729568734455455,0.07740717864668717,0.07680136662176379,0.0506692659942404,0.08788132406441036,0.006590176575501403,0.015024281525969891,phpAmSP4g.csv
0.0006741846244436898,0.3142922502354895,0.02041184030801874,0.006483150013595604,0.05252907141909874,0.004275698386118386,0.022959839512424352,kc1.csv
0.0002987256642746782,0.05461221508519307,0.17369425330800953,0.2583899714676605,0.046793784723362805,0.0028006778404584065,0.006063108677043749,analcatdata_authorship.csv
0.00013930463324840202,0.5851814137160862,0.02380461437813918,0.06263686501764668,0.06870498509369131,0.0011851207129859615,0.0012872053218015366,php5OMDBD.csv
0.0007849890609449138,0.1280607643263867,0.14065343103926492,0.016578699043934858,0.015683589900799516,0.009607383416572569,0.02008179308010908,pc4.csv
0.00010703594076891639,0.2533820386597184,0.04615861068267993,0.12152565951177548,0.0014437616271335636,0.0016968746863417349,0.005680053343449393,php9HX2u8(2).csv
0.00023230977023984287,0.3313007278039365,0.005128987620256485,0.010147741528069649,0.05312494956225172,0.005600180986880475,0.007324736963644189,pc3.csv
0.001103468400646132,0.1839217873802546,0.018441824363550945,0.14560659539109955,0.019844317666246884,0.0045137802263126815,0.008707070071901257,synthetic_control.csv
0.0003278591774812689,0.6074107303000613,0.0424653347150758,0.00581045788219973,0.004103314211722137,0.0037955001370084695,0.004362240198318949,php5s7Ep8.csv
0.00033793916878900143,0.5042028805844847,0.035439896134963886,0.02147759129894412,0.004026297216223539,0.0012496652238787145,0.016662519855972446,page-blocks.csv
0.000136604939773996,0.5711329818598377,0.010599497178899079,0.041870467533186496,0.008832848944207845,0.0017580856343614886,0.0038420071164058226,phpcSeK3V.csv
0.00015206912867270146,0.1351655792787581,0.5829908711965965,0.004965713087130801,0.0021280387769747004,0.0016929045793343778,0.005947946812983698,php8Mz7BG.csv
0.0001049523734884052,0.7096372022696436,0.046727356714904106,0.007671570409903553,0.00379136922219566,0.0022042844149064668,0.005514915157714737,phpTJRsqa.csv
0.00010441262243647851,0.8297009967941269,0.0457705822325996,0.00425930966909705,0.003120891411577857,0.0003397718427452868,0.0015903855221397352,dataset_42_soybean.csv
4.996963061821887e-06,0.0510154710714163,0.7849086076819553,0.02112265670502489,0.0004689395438048294,0.0009852827110818573,0.0031379028047250532,phpfrJpBS.csv
7.915360181839096e-05,0.01022466120919866,0.8332679529037138,0.03913090974630133,0.0006683971929342849,0.0005950836466195669,0.011780936950293835,kin8nm.csv
0.00027041095436912817,0.3230351603967615,0.0604314620435641,0.015612635043249425,0.01274677142008328,0.0022928445004745967,0.004930815501303761,arrhythmia.csv
0.00029995846556993657,0.13744284713570412,0.001850876528937804,0.3116006382047836,0.0020479553797350075,0.002971680807243265,0.015474206850146131,php9xWOpn.csv
0.00034361768117998443,0.5066922991534429,0.0674409222106425,0.0062131792510405634,0.009382700272615698,0.0021620525737055256,0.002350946000463513,phpyM5ND4.csv
0.0007177472995511841,0.044706747697290015,0.012854729757640878,0.028396586186901787,0.19440895769030625,0.006115859626994267,0.05209199082937901,phpEZ030X.csv
0.00019914138538873949,0.4778893160496922,0.07621611236738975,0.005989628917075388,0.012688160091264205,0.0016208945251820089,0.004100934872161347,dataset_36_segment.csv
0.00035673318557276134,0.033866757078867264,0.624813627333635,0.052459611641514574,0.0017639388501421585,0.0008075137315448332,0.004684265104151935,jungle_chess_2pcs_raw_endgame_complete.csv
0.00011224153565294844,0.29087756764733075,0.2163471917297816,0.030149317173601,0.02830410172912632,0.0015642554542891116,0.0028783583737733874,churn.csv
0.0007415049648338128,0.21524101036307947,0.31183938242501563,0.05464465973206535,0.008330752712552965,0.001439457902765115,0.006701405939913207,file7a97574fa9ae.csv
0.0012810433402218268,0.01533505922269921,0.009216676689205242,0.06537505663284297,0.1574357303341038,0.009760038020808829,0.05618661533986952,phpdo58hj.csv
0.000521544694988472,0.3958046030411487,0.006346902562783482,0.02965245451141085,0.00387603698446994,0.003290663271982195,0.0481261939703833,phptd5jYj.csv
0.0006638004561081074,0.32807200514448875,0.07168520964330972,0.015231706921359632,0.0035876696475202834,0.002189863900927819,0.01845582720378405,dataset_28_optdigits.csv
0.000297668464211445,0.05138988065171464,0.3999001940585427,0.011856267040444063,0.06910284259504221,0.0026590622287748066,0.0684092646486762,php3isjYz.csv
0.0005432014164077863,0.4253100945487875,0.01829579769992977,0.008592409239853587,0.017718295198776848,0.003465329620316116,0.014271536725206212,phpdReP6S.csv
0.00036724654747984623,0.592517524239531,0.0287269938769835,0.04518439918504116,0.0013426850567508956,0.0012310795764641285,0.0172096519255833,phpn1jVwe.csv
0.0001511680473100831,0.3820602954416901,0.2330998388977788,0.0034592965112170844,0.003346810272652728,0.0018471928660681023,0.029631599677862008,phpd0f4kM.csv
0.00045661919984458176,0.3018998968360572,0.043871863246873435,0.032694196334936934,0.006152073506921674,0.003036049966691285,0.022199251589191945,mfeat-pixel.csv
0.0005969628674768963,0.3851592726007053,0.037459442538955,0.009360497728386534,0.003962226985864779,0.0062082026360726,0.023944398339697758,dataset_20_mfeat-pixel.csv
8.172993011963599e-05,0.4311567597598525,0.05426188024005895,0.0017339477964411294,0.03263387821836021,0.000624157853000323,0.0104033000468023,jm1.csv
0.0001675024784899402,0.10585171543122483,0.3884315670006627,0.00659121095661915,0.036042410554943526,0.0012624434160277919,0.015995478330425382,phpAz9Len.csv
0.0005124922620323865,0.2262950962605112,0.018825394838576905,0.015388285024923903,0.006424607104859294,0.007803233129049724,0.04673331996727489,phpPQrHPH.csv
0.00029261027277627884,0.13674439927758786,0.1725684843760191,0.006360833158177164,0.0021164445326785912,0.0019697553486389303,0.0014600146093678476,dataset_57_hypothyroid.csv
0.000973635625792152,0.020996296490331984,0.01660685785591365,0.08714523840542092,0.03444244138197513,0.01581955811805606,0.031204750780213317,dataset_46_splice.csv
0.00015404338092620868,0.4543627956624863,0.05713033171448376,0.007084264663073035,0.005438158671125728,0.001587331449494975,0.02596786492244124,mozilla4.csv
0.0009499349276329312,0.1877879480243847,0.08925114302944769,0.01582854143164059,0.007249050191069035,0.005979776731263797,0.022553117571588496,dataset_32_pendigits.csv
0.00011312089872181053,0.6528551519102517,0.0054919404279109635,0.0047708941541924075,0.004014884056049382,0.0007856094064365473,0.0035928051572420056,dataset_38_sick.csv
0.0003665710926150038,0.032879626611881305,0.0021754325726558226,0.04216916898321203,0.1607471120620021,0.0029697327834179673,0.004997628589434279,lymphoma_2classes.csv
0.003154094923523894,0.2273098863778311,0.176569390627984,0.007759622092309986,0.004897076333975117,0.003996434060885089,0.020440536149445337,dataset_3_kr-vs-kp.csv
0.0003008128206701645,0.16993880542966538,0.504368635357,0.0063478180284160576,0.0020784335446345377,0.0007773132217228168,0.017129288661397075,phpV5QYya.csv
0.00023519103672484126,0.5879221781674144,0.004587836291651789,0.013751205450679352,0.0069095263279519035,0.004490359396378456,0.011535977513018731,phpgEDZOc.csv
6.30448047278556e-05,0.8386586619103444,0.01327628832973908,0.0068116087804222,0.0008867629582373643,0.0013036886628416786,0.0011964359639768532,dataset_5_arrhythmia.csv
0.00019711163723880315,0.2378291983204407,0.3227626280816108,0.0036682537829951134,0.058629449692807464,0.002848766726177239,0.06945660151559724,phpoW7Dbi.csv
0.0003573000340247184,0.31205496487778783,0.03155734833333368,0.011357797627747352,0.0041644914180649535,0.002857605470358326,0.041353332737781946,phpxijhaP.csv
0.00044544433823689387,0.05637135526800671,0.4808342208233656,0.03720180485054145,0.006449227927753953,0.0034000195615120398,0.021757139340687025,eye_movements.csv
0.00036362840573996204,0.4793843054588183,0.04154032143665058,0.01581701380724176,0.00456029391101806,0.004903613433628442,0.010869869283222148,dataset_60_waveform-5000.csv
0.0002142012163156785,0.611440317374693,0.017523921901737755,0.011146979894266084,0.00768946279622595,0.0019524877020011527,0.012749494716793406,phpSZJq5T.csv
6.39321986064222e-05,0.07511529404435607,0.7437936756374942,0.005710480951457528,0.000495245128787627,0.00041429764706940386,0.02928274517155668,phplE7q6h.csv
0.0019013614850717528,0.021291770279476614,0.017305945255289383,0.032161477933625414,0.18847703423060985,0.0111579893189724,0.0344976970126815,tumors_C.csv
0.00010383235500904323,0.3622289063630909,0.09924071898023723,0.062477853769527976,0.01157626372143788,0.0008671263055964443,0.00987123134800863,MagicTelescope.csv
8.679630306329947e-05,0.6586903877706871,0.003650319675996039,0.014353033407049609,0.0062624180920601066,0.004516750360144357,0.0061224886403514756,phpmcGu2X.csv
0.0001498241433908936,0.2274450840712797,0.09667545870087008,0.019297691982678826,0.0024812067979325704,0.0025686865525477768,0.020058210437328874,phpmPOD5A.csv
0.0002444284211203835,0.10006995170632482,0.5109209594340384,0.08457101721277938,0.0015151931514267199,0.003105597783877911,0.027074792156928217,electricity-normalized.csv
0.001234782455661207,0.054842168771529934,0.005999790880363809,0.046242283490271235,0.297978321095953,0.004464865543390009,0.011372259906275984,leukemia.csv
0.0006132560824519262,0.3564116024853655,0.054061221212954036,0.02253206064115521,0.016510884417194418,0.002742060577940707,0.0035524363837770006,dataset_186_satimage.csv
0.0008564949607606986,0.04655313845802005,0.009568123031378672,0.09638825773853764,0.012125829946673376,0.019506832023001987,0.047517432300289375,aaaData_for_UCI_named.csv
0.0007902769986166741,0.1953520076830028,0.013345685692839357,0.0470336527835223,0.01676352059027845,0.008391560598744015,0.022565555039335453,phpPbCMyg.csv
0.001111861172396796,0.17838928752747926,0.1447489952271199,0.013008089764610948,0.011955808478126505,0.003177888737511394,0.01476573807846763,phphQEck0.csv
0.0002634976020662941,0.16738219682587266,0.050452644790503966,0.06344824374612998,0.012304604318304449,0.012132501122473159,0.0559066868948069,phpkIxskf.csv
0.00028250508705855037,0.0828854006874303,0.5600669659845505,0.018563518593767026,0.005019752468668102,0.0025526930239046512,0.014180352075994475,phpYLeydd.csv
0.0004572774966445193,0.13753032820064287,0.09723609487841864,0.022019321980866927,0.006562144789280012,0.0038135653338832423,0.014931226637735212,dataset_183_adult.csv
3.8762996302639204e-05,0.055317346368638484,0.7842497751422334,0.030585382769084343,0.0018690415769872235,0.0004546072200725304,0.003839686758189504,phpfLuQE4.csv
0.00016936766239156957,0.6106097092148127,0.015636027791407242,0.008990451341253921,0.006666766216932566,0.0015883929398648438,0.015168239441636415,dataset_14_mfeat-fourier.csv
0.0001583712274732873,0.7372141154124072,0.0059867726734233575,0.008420656059727794,0.0074563975947500106,0.0007409530315287372,0.009553704329313859,dataset_22_mfeat-zernike.csv
0.00027659181903166104,0.2717253015942972,0.06352750709723168,0.01106095948413514,0.016906040473146797,0.007825158761165086,0.008774649239517703,kdd_JapaneseVowels.csv
0.00027990540171601803,0.5518539281176582,0.016460750378999363,0.017074413686457714,0.01082088745436202,0.0021566931285460188,0.012218307360175004,dataset_12_mfeat-factors.csv
0.0007547915031956804,0.5547532092805031,0.02551548695507927,0.019702817358493798,0.00280793808987193,0.0018092652319097336,0.010202293166632796,phpBDgUyY.csv
0.0008730582983482477,0.657853338772199,0.013510325112900592,0.010934986862661243,0.011415215464031472,0.0013954763352035785,0.007725917530369778,dataset_16_mfeat-karhunen.csv
0.0008123700087943433,0.04887573420443511,0.02186634546355541,0.040518677698320606,0.0157979542223029,0.016278234726645024,0.05041642025529016,connect-4.csv
0.00012407937916841466,0.14965960879156898,0.17775150158593694,0.12519610127076505,0.02250712203660005,0.00128749204862516,0.009880975534886805,phpuZu33P.csv
8.819108471201977e-05,0.18450463498295785,0.00047686603774934943,0.0932333255099263,0.0021507403860325635,0.0007488754007330887,0.005621441691570672,speeddating.csv
0.0015232821634078642,0.04750785716241048,0.008240054108090249,0.08902188496149029,0.014307755093025171,0.017847276078728345,0.030068735676559013,AP_Endometrium_Prostate.csv
0.0004570292303342673,0.04943144662579281,0.4652346814446968,0.05622311915366941,0.019702497011889426,0.008686380163152322,0.0072627920223724595,gina_agnostic.csv
0.0011242226261830481,0.173890549533296,0.08637101523420608,0.043279834283104286,0.006237027218465349,0.008159207016412236,0.039480036239375314,dataset_53_heart-statlog.csv
0.0002983872288839245,0.3492990810837183,0.13841310783426564,0.004173994878057044,0.0350681563463125,0.0020567818302633283,0.005363598168935079,wine-quality-red.csv
0.0019137705265032828,0.031164142707478613,0.01929681460710164,0.12764591709656187,0.013101172969193494,0.01330503960531254,0.03575372531450746,phpOJxGL9.csv
0.00047479925627574865,0.0068134958768988315,0.008749481181701244,0.015458359749319719,0.13019284032006193,0.009676083872636174,0.009550164620823632,phpH2fvsy.csv
0.0006686032134563612,0.5484273876619797,0.0021261822107204315,0.006450448036641297,0.020850379752426897,0.003298012030813825,0.00727963639914437,openml_phpZNNasq.csv
0.0010242077808766462,0.028423877487249324,0.05268752731776656,0.032858697690123506,0.2140920912205201,0.010758048832597024,0.01322375401912108,analcatdata_cyyoung9302.csv
0.0011811670746858269,0.2787162757297596,0.049390520110204936,0.011916488020640516,0.08701134471317643,0.003990999612463241,0.027930694902930115,dataset_37_diabetes.csv
0.00032263678485921024,0.08393636180471692,0.3329285583552513,0.008605326178119651,0.14840106478795126,0.002742149940171133,0.03591917791046964,analcatdata_reviewer.csv
0.0002490377390422529,0.5802134267429979,0.012688971198183891,0.008385967677297164,0.007819446420293098,0.005989815878002429,0.008794806459933333,pc1.csv
0.0014546951367910884,0.1633368936054721,0.09385367491381737,0.022055910502348317,0.030127931760437033,0.005466227882236121,0.049436446881841546,phpSRnbqC.csv
0.00018285654507690864,0.05940711283605705,0.008036813124973233,0.006923532720771597,0.5205842850469526,0.0015250821910412734,0.00860431780772091,phplVyjYQ.csv
0.0010738498745110478,0.08068802550034221,0.10095446349902708,0.04087557572401257,0.02105405704371881,0.009363016037476806,0.026533966047493158,dataset_59_ionosphere.csv
7.082837849244059e-05,0.8570331910188476,0.03182694386888508,0.005809655347651003,0.008807442415114136,0.0007650389215210914,0.004304911526912853,dataset_7_audiology.csv
1.9906128041629917e-05,0.8869771029576351,0.022381998677022247,0.0027416019667732554,0.0016691543440720145,0.0008133957561624062,0.00599316989434513,phpflaNJC.csv
0.0001911411782819309,0.13535687052193762,0.1389767360220504,0.008442135914022259,0.2287361076197961,0.000984125029260317,0.046011035803643914,braziltourism.csv
0.0013508537296703887,0.06525073035872869,0.0674518369007687,0.17046111041573736,0.02566875717830276,0.00306208391249862,0.006722646178629015,biomed.csv
0.0010596326545818336,0.12668402717879068,0.1419973163875023,0.09529453450159532,0.014015560860214764,0.00196251310446475,0.00462255720898596,phpSOw1Kl.csv
0.0005388409708198987,0.02850215424543135,0.014554773570758303,0.01408582973749518,0.4486469682905762,0.004627386670410611,0.018313845866697844,phpajta2z.csv
0.00020431234319104083,0.035379860927560486,0.0033859179582135103,0.00942145667914764,0.5998374504525711,0.0010981869842050657,0.0028879066293838987,phpjuWdq9.csv
0.00019086132065827902,0.02083595243745964,0.009818531541331504,0.02593614714764006,0.6501749776833703,0.0010421153598339206,0.00655350338988305,irish.csv
0.000545307643733183,0.029803179506457996,0.011246011918883223,0.08499286820407259,0.13367770160846507,0.0137272305104976,0.026692877314111883,phpvz1IQW.csv
5.398466796340393e-05,0.0015292790225656706,0.00020248341456961049,0.0018614341385396987,0.9456522494736656,0.00032066982050387886,0.0015520546079296426,phpysQLwp.csv
0.0008555682557068293,0.016157440554993067,0.1251539611137873,0.06564320689838155,0.1153506935995027,0.005207744073913542,0.02922263584664275,phpy0HwUD.csv
9.12351697458798e-05,0.09238020354923547,0.2011000132284754,0.028575720807435943,0.00661515442184106,0.003996622937904625,0.004581442681996108,mfeat-morphological.csv
0.0004294956870123355,0.020441350199330632,0.034045551337824866,0.05872758207098749,0.08067471104306731,0.0029991569483004627,0.024060762215390386,bridges.csv
0.005350983297801585,0.03152649756750505,0.008046679535069181,0.12079743370437528,0.014995830921165324,0.01668979337727696,0.030109165183775287,phpBG0Qsi.csv
7.26484520187913e-05,0.4584437106876361,0.007454280261124655,0.003413582161955754,0.051479971328622025,0.0013234301215716295,0.005166987370123082,analcatdata_broadwaymult.csv
3.115638745398297e-05,0.08623614543985347,0.650361928659353,0.00479127940938095,0.0004654192580309552,0.0007784418861015478,0.03691005610560226,php4fATLZ.csv
9.117592158181734e-05,0.0016234115418306337,0.0007270645495681834,0.004101112719115186,0.9228478027518714,0.0005115252951822854,0.001954040007089402,phpSF8oeR.csv
0.0007032069778369367,0.04811663245713831,0.5085271820683852,0.01929234496847697,0.007750280981933425,0.0032695017053785505,0.018008380882245417,analcatdata_dmft.csv
0.0003056458923204456,0.15919769405730955,0.012989045866127778,0.05906928015312528,0.022403070350214518,0.008518238376933676,0.03526238317951341,phpTXWrKb.csv
0.0010479974391698964,0.09600768810038644,0.19674165617972444,0.011162703094406477,0.0036616518597956936,0.0018738921180997715,0.009023920212589288,dataset_29_credit-a.csv
6.787794527068246e-05,0.8675029831361823,0.007584747605848627,0.004453476365592851,0.0011105933259791829,0.000335396287661998,0.003624188260692983,dataset_113_primary-tumor.csv
0.0002246691827320888,0.4556371087961759,0.018699145828033618,0.013466871365794726,0.015109379962686131,0.006849676505112803,0.004717616525168211,vowel.csv
0.0005348792241933369,0.27762133750952506,0.016605887020473355,0.008460469202587754,0.0034961814962057845,0.003860943847162407,0.030459350086152692,php50jXam.csv
0.0008050877760703036,0.03749650122099152,0.09602154591826018,0.011264303463287313,0.006330086989417947,0.0044034582118609175,0.010676120935820195,pbc.csv
0.0008623245012540902,0.017893021002271227,0.0153167058639094,0.07274786225176122,0.19932135496631265,0.010680723346964242,0.01090906203186258,php5J5AK6.csv
0.0019422814856463481,0.09961298256993543,0.2233718727548832,0.015785414435518282,0.03532933753960859,0.004402238586584536,0.07766560796696789,dataset_48_tae.csv
0.00048289375529506805,0.4891003697189225,0.006337806163530439,0.012216450316049971,0.007761847922815412,0.004781902447541365,0.006353327581442256,phptbYBGx.csv
0.0018252042663343601,0.07774876943436647,0.007110193008007112,0.0765025611871624,0.06146489018180365,0.008466510088030007,0.030252648912217094,dataset_106_molecular-biology_promoters.csv
0.0001996582333702209,0.11288724682127745,0.0041346380094579825,0.004905166545723644,0.011717420449599334,0.0017460618056564794,0.016207417765280813,analcatdata_marketing.csv
0.0007027155007123889,0.09704187955401067,0.05494684680195462,0.0679450829774769,0.10484582794544553,0.008317770621483575,0.010913530196735268,php4ylQmK.csv
0.002464740331668498,0.1512526280050686,0.057300487604453575,0.06811447383046787,0.023745065524121856,0.005291946602444093,0.045701303681485145,phpXxoe1Q.csv
0.0008950609327045615,0.1596587651592974,0.02530123571752825,0.02597722316184561,0.1080724558878569,0.005977117764251771,0.01381773133275343,dataset_40_sonar.csv
0.0007269722514107235,0.12919513753398415,0.10029938253501756,0.04548585091799753,0.00661371715857168,0.004724387839429544,0.02125264859505835,fri_c2_1000_5.csv
0.00010967251242766904,0.004095267981327564,0.006719355674076642,0.0011468506141938382,0.9237262354132456,0.0004915336761865521,0.0021376611197087515,phpRql5hp.csv
0.00025709772168178114,0.136046100928839,0.022855609516841548,0.026927550999834345,0.00450354430015658,0.0034099574011873645,0.005278725232305822,dataset_35_dermatology.csv
0.00026066323191981143,0.13228710417868675,0.0897040683342637,0.0915206022300249,0.014306515809262909,0.0018668101023492426,0.01871764600545988,heart-c.csv
0.000960771343583634,0.2342196306989868,0.1064457462497856,0.03118186536823958,0.0062120691632665676,0.006398434888548788,0.047889682661999,phpgNaXZe.csv
7.427367087874679e-05,0.9159999260068604,0.003240904905807401,0.0019939115819688443,0.002443088315128425,0.00048150698881753163,0.00448006800099952,dataset_185_yeast.csv
0.0006778180608571702,0.14610471030369454,0.12838217040194305,0.058050307281235274,0.009636014575590254,0.007050986508124448,0.014922327362003772,phpelnJ6y.csv
0.00034819578870274264,0.060200431473948164,0.00638079490898844,0.015874033354636743,0.0231868247453935,0.001485344294957675,0.004429557848110374,dataset_25_colic.ORIG.csv
0.0004080441313360482,0.22743193111058999,0.048602938928725296,0.0023524460001306427,0.02332383424268156,0.002325734445860053,0.006310213297838868,dataset_9_autos.csv
0.00020842562826862927,0.08914208756180278,0.045059463102444575,0.034751988137800754,0.014988964452698013,0.00413511884368197,0.00652251308488809,colleges_aaup.csv
0.0016160865323150946,0.02701758260741608,0.12462513008506275,0.022137069499043326,0.06257723705387863,0.008505653866484091,0.020446457164087804,dataset_61_iris.csv
0.0007095606319448563,0.3521440431225211,0.07741850693830442,0.024016063813899476,0.02632463853260663,0.0029839344316430127,0.01180560846585213,dataset_41_glass.csv
0.0005426601557439941,0.15227327987041386,0.00580242912426835,0.007709435398819644,0.048934638479118525,0.002450967374485514,0.011757793487722264,dataset_194_eucalyptus.csv
0.0006511402828114309,0.09869866663469803,0.05499682832410743,0.4158869310620489,0.004177997567125821,0.002212161369423901,0.00877590600945545,fri_c3_500_10.csv
0.0004591299651934,0.06980625184839985,0.018090881968825072,0.02796321496043673,0.12970345649912546,0.01234931444051439,0.025005547485422174,solar-flare_1.csv
2.8238112164565003e-05,0.002733484937749746,0.0001992792601176645,0.0014883101654490484,0.9311669969686208,0.000283795541351449,0.004108356041780047,phpVDlhKL.csv
0.000781278116767053,0.044374329561342366,0.006092167719807244,0.042243976994323904,0.3786238068043186,0.007518991736571188,0.022809477071259483,phpnYQXoc.csv
0.0006594704389844131,0.013191276092315391,0.002714600846065391,0.013890404531630242,0.12000896922729935,0.006355239510177959,0.009973961136762414,phpu00N5N.csv
0.0008043154945627995,0.439585151516077,0.041542468139487566,0.012664968557048387,0.008643222687486584,0.005053455414060519,0.005931912441938282,phpXeun7q.csv
0.00016911499379816664,0.8248363843287012,0.015207743368658537,0.003434490913111995,0.003081590533183125,0.0007060035225629219,0.007801529499195392,phpSj3fWL.csv
0.0009386557628177654,0.00706642275000915,0.10523300458457224,0.04715317424259337,0.3709511233184571,0.002690568037819913,0.007951569643360887,profb.csv
0.0009150432937543221,0.024092778328052167,0.034157727401163566,0.02401310916394045,0.2579241694518104,0.0055004963241584645,0.02081892991114073,audiology.csv
0.0006676254992014715,0.7928469768226959,0.014043073071646477,0.008441027985768464,0.00128638388302915,0.001713379521593208,0.002690302818874841,dataset_39_ecoli.csv
0.00013337949350295176,0.163277435501708,0.13459009223449775,0.0051634302423922245,0.007270145999910214,0.003181245364073893,0.002057664504559755,phpFsFYVN.csv
0.0003323417655330665,0.1554262348346413,0.06671812045941937,0.016569523605442713,0.0035925144336997,0.0042076447050364285,0.002416299707994889,openml_phpJNxH0q.csv
0.0006446740233634106,0.18381623246726547,0.0692917586294498,0.02690498862344242,0.007312494713032998,0.00650878967297024,0.03129566703632014,kc2.csv
0.00025380751590249254,0.08704872614197598,0.02078613388515125,0.010147115499445507,0.1810477576688241,0.002269902750258945,0.011854066863206487,dataset_51_heart-h.csv
5.7576569878825416e-05,0.9058096796787948,0.004369302522271639,0.002191279222227528,0.0026649382837318288,0.00023038340418270572,0.00511506973363694,phpd8EoD9.csv
0.0014917401383470195,0.006505638732691432,0.0019212416709903414,0.004656083945782534,0.5184379807900235,0.0015979947480448124,0.007308494406228535,dataset_105_lung-cancer.csv
0.0003770168239478368,0.42708879953263984,0.06525920451176065,0.014607100045814047,0.018846093340403342,0.0021661394088877415,0.0370574466062352,php7KLval.csv
0.00012333802700565012,0.6618754067850228,0.016013139600656992,0.003545887920851683,0.007363382107140663,0.0019724847659998816,0.002607938570477611,dataset_190_braziltourism.csv
0.0002963243035308407,0.03613402827415501,0.11435536068439407,0.07401804038237242,0.20424815695745924,0.0021978890123597267,0.007346254703023456,cars.csv
0.0001147295916273406,0.003222475209427505,0.0033031052559554463,0.024412828793572063,0.6704786002808923,0.0006364925848784367,0.00174974671352186,dataset_4_labor.csv
0.0002628736311832375,0.17901827271212428,0.4850044393795974,0.002840399607172254,0.005993583258715546,0.0019531310798533747,0.04520795070908035,php0iVrYT.csv
0.00028719955396202585,0.05914514845956561,0.1019018036682556,0.4412194958973808,0.0018568937912567325,0.0015384280345902427,0.009106435495739144,fri_c2_1000_10.csv
0.0004935834845786887,0.17119814669535902,0.01525271553730979,0.27180629734957,0.0013398036287679742,0.002254473774712851,0.017074149357477572,phpfKh1CO.csv
0.0004100653748651125,0.16663359153052013,0.08812772784379616,0.019057393494156583,0.023429411277348485,0.00529614826055605,0.039351234637019575,dataset_54_vehicle.csv
0.0004021763525808851,0.05464228021844887,0.01857375253108027,0.010497526486113278,0.048569421507392865,0.0042378997273663475,0.010554128923212835,schizo.csv
5.0336203675581765e-05,0.006210959188142747,0.6682689092464134,0.007034709747186818,0.09587833722420434,0.0009733893312934604,0.0023341479465935518,dataset_11_balance-scale.csv
0.0009541990157238481,0.368472190635582,0.02361263080896498,0.02641993385269253,0.037052698800463885,0.004659860935185311,0.014201348668612184,arsenic-male-bladder.csv
0.00045061864370920965,0.02574466878069116,0.13675840122308633,0.04048759692508902,0.006033624792447701,0.003416703794619598,0.012127522322277595,autoMpg.csv
0.0002625094807824788,0.016027933507077173,0.009195093510651595,0.05162757769549146,0.29821980515184904,0.0031175131119712115,0.006508688545136063,dataset_55_hepatitis.csv
0.002094498392053533,0.046807479846763415,0.003187530651459612,0.0477600840376454,0.02106009216632727,0.003871984723436349,0.012031149357419259,autoHorse.csv
0.00040109517460681384,0.17688906852110992,0.4851020154423933,0.0060527825438537325,0.0018752419689323546,0.001916562370992464,0.03744079173886674,dataset_23_cmc.csv
0.0005503392542696025,0.06834361390283705,0.12231625338810433,0.049188561700888825,0.018227952850568958,0.003602744541590332,0.07079127413451675,dataset_56_vote.csv
0.0002709326195232544,0.08615552343909239,0.4049585575522363,0.003500063834317969,0.001012633354191443,0.001061399843372882,0.028123024115903655,dataset_50_tic-tac-toe.csv
0.00033262007119163836,0.08465831190210822,0.07983529456877678,0.01809208611722439,0.005982141180118425,0.0030616184710700717,0.019670303367875033,autos.csv
0.0008249559961813977,0.41396054530302384,0.013887104342723142,0.022507580704900162,0.008094376477509775,0.005790010552343688,0.012848746487610365,php1PI19i.csv
0.0008238662508623428,0.3099624218066279,0.011552146734592858,0.02545680947152875,0.034760326981657486,0.007392294712742917,0.015376359630511085,phpvtdNPU.csv
0.0003911675366503877,0.038036605980186634,0.014398809960024316,0.05418423034984406,0.2465400704163161,0.00626810705697189,0.0199996181080949,AP_Endometrium_Lung.csv
0.0010296396811406944,0.14376552098008125,0.013281789528667164,0.19692153811405175,0.013439085361388395,0.007062522628870261,0.014053980244938764,AP_Endometrium_Uterus.csv
0.0015688345725921565,0.016403800026865256,0.005943267932329669,0.15364328234570154,0.13572779473351404,0.00923210385979586,0.01858270592882717,AP_Prostate_Lung.csv
0.00019119653474559704,0.2787383645230154,0.07514378787460775,0.09876128805524227,0.0069796366382349215,0.002225136203808118,0.016063468349098387,hiva_agnostic.csv
0.0008533674481085138,0.07430431467043103,0.008990733052940684,0.07658864545041214,0.035555870295086986,0.009337567105931656,0.0197457003488442,AP_Lung_Uterus.csv
0.0016176733337506274,0.07003879526109652,0.035338982169394816,0.03752390522808865,0.0199684040457904,0.013213604047310607,0.030176224622825,phpZZfh5g.csv
4.8989723807008756e-05,0.9106403940650294,0.008556801482392084,0.00250123378843845,0.0007380532615075168,0.0010547427718657044,0.0012215033887998724,avila-tr.csv
3.6890600235921006e-05,0.8084314104495296,0.00660381772903461,0.045718979052842314,0.001540565882754668,0.0004669670506331153,0.003755636674381057,phpGReJjU.csv
5.360339751006287e-05,0.8359679148654551,0.05558831404820963,0.001820016457323348,0.009492050367409714,0.0009971969425853456,0.0019300803413751532,php0FyS2T.csv
7.283046979731324e-05,0.3338768963958215,0.2283510996178385,0.03148326021792955,0.005970941010755749,0.0016144993697522244,0.002017544705874001,shuttle.csv
0.0005879506667370308,0.5193360780549182,0.022994149194106656,0.01672192422887699,0.004871889368027609,0.003438176999565153,0.014338533021771254,php9HX2u8.csv
8.662145611479968e-05,0.2876504687923616,0.18960094669716115,0.09734052665079433,0.0016443588088775306,0.0008795427164421098,0.00245897035889868,jungle_chess_2pcs_endgame_panther_lion.csv
0.000595420404118357,0.2380653526189378,0.03620919137240858,0.0037476348611500884,0.00608139094249403,0.002754451321031865,0.02620955711294699,dataset_24_mushroom.csv
0.0005738931770527577,0.1604703608866858,0.02610578548216639,0.0402829577279955,0.013223770185499455,0.0008275363283600001,0.07101589163169142,phpVeNa5j.csv
0.00044077133326507717,0.4977528449414715,0.015014156092665931,0.01997150544307774,0.0044509710494514635,0.007192218665842746,0.025730121992925244,phpZrCzJR.csv
2.5713727187879664e-05,0.8643416281487303,0.03748903170074458,0.0027087596218118666,0.004906762317579474,0.002242396602240312,0.004885528587624713,phpoOxxNn.csv
6.502923321400505e-05,0.9134122290992666,0.004094260979440072,0.0045993748790750105,0.0005984769078841866,0.00030270477744580066,0.0011530869072704886,dataset_6_letter.csv
0.0003175526781860983,0.467222640933913,0.012479676010160787,0.02065029751647847,0.01124042413853095,0.003306230157915217,0.013230842872268576,dataset_44_spambase.csv
1.342626274198437e-05,0.8843433674228941,0.03327017652763791,0.002850153146516635,0.006278964715392174,0.0003334313775660668,0.0010758342819534325,phpCsX3fx.csv
9.368358402024e-05,0.31394067716750385,0.12819546335122714,0.012960583743120459,0.0018983815386323453,0.0011981136301049131,0.06801583017887035,phpWfYmlu.csv
