x0,x1,y
-7.5016,0.536143,0
-9.05113,-2.40333,0
7.193110000000001,-5.32045,0
-0.778891,9.18315,0
1.24272,6.46307,0
4.79006,6.591260000000001,0
-0.65149,-9.59093,0
5.17691,8.4009,0
-6.06384,5.05089,0
-8.720130000000001,0.815354,0
3.66194,6.30387,0
-2.82294,-5.22962,1
5.79075,5.09581,0
5.34556,2.83135,0
1.07067,-5.2708,1
-6.3998,-1.48529,1
-3.29536,-5.07341,1
-8.74271,1.33427,0
5.15935,-6.7560600000000015,0
-6.37003,-1.05832,1
-7.1684,0.617811,0
3.5536300000000005,5.84906,0
5.1466400000000005,-0.364442,1
-5.18104,2.3373,1
2.94633,-1.03125,1
3.71296,3.74007,1
-0.633286,-3.63625,1
5.62124,-3.85959,0
-6.1165400000000005,-0.650556,1
6.10438,-3.68123,0
-3.28985,7.557469999999999,0
-1.6820700000000002,9.47039,0
-5.08338,3.5961199999999995,1
-0.0860008,-5.4159,1
-5.0722,-8.50356,0
0.6851689999999999,-4.36534,1
-8.3419,-2.35208,0
-3.3232,6.923019999999998,0
-4.8594300000000015,7.59606,0
6.97555,-1.849,0
3.80482,7.6764199999999985,0
-2.36873,8.67654,0
-8.29031,4.744669999999998,0
4.49782,-5.1397900000000005,0
-4.37552,0.60231,1
3.02741,1.75753,1
-1.27597,-5.2049400000000015,1
0.5005069999999999,-7.98658,0
6.846939999999999,-3.50158,0
-3.38259,8.88547,0
-1.92489,8.34487,0
-1.5169700000000002,4.36878,1
6.0836,7.10695,0
6.58507,-4.65909,0
-5.24193,-1.07976,1
-6.78072,-3.51561,0
-6.837439999999999,3.21008,0
-8.2621,-1.17661,0
4.75724,-5.06305,0
5.26002,5.19353,0
0.973943,9.06473,0
-9.06309,-3.27195,0
8.306989999999999,-4.389880000000002,0
-0.777788,7.71928,0
-2.02908,-2.7797400000000003,1
0.935513,3.1716900000000003,1
1.94964,7.594410000000001,0
6.39015,-0.701341,0
-7.44211,0.421027,0
1.72645,-3.53022,1
7.6692399999999985,-3.09799,0
9.7484,1.4181700000000002,0
-4.8573,3.34175,1
4.77685,4.563269999999998,0
-5.10164,-3.20946,0
-7.3918,5.9836800000000006,0
7.763139999999999,-4.82877,0
2.88249,6.00859,0
6.33115,7.58763,0
5.37885,2.28809,1
-5.74748,2.14811,0
3.2041,-8.62496,0
0.320337,3.89911,1
2.655,2.5110200000000003,1
6.46891,3.01585,0
7.38589,-5.38264,0
-6.07221,4.32212,0
1.94401,-6.9626899999999985,0
-1.67704,-6.0458300000000005,0
7.7257,5.85429,0
-6.9853,-1.94016,0
-3.3811400000000003,-6.83369,0
6.22107,-2.53209,0
3.1358,3.4482800000000005,1
-4.78684,7.5262,0
-7.11257,-0.951365,0
-3.71291,-2.8204700000000003,1
-3.67661,7.2616,0
5.76926,4.00999,0
-4.10902,-0.367189,1
-7.468189999999999,2.14466,0
5.31934,2.1094,1
-4.9718800000000005,-2.39871,1
4.963430000000002,0.418819,1
7.9702,-4.86076,0
5.2596,-1.87181,1
0.5614520000000001,-3.67169,1
3.34187,6.73031,0
-3.60481,-6.01322,0
-4.1365300000000005,-2.61619,1
-9.38299,0.146041,0
-5.48194,5.00103,0
-7.66494,-4.7184599999999985,0
-3.21358,9.40295,0
-4.54366,-5.25545,0
-8.29209,-5.20105,0
5.9705900000000005,7.70333,0
0.848198,-4.33093,1
0.684009,-3.86396,1
-1.58728,2.5482,1
7.646560000000001,-4.34689,0
-6.90539,1.07514,0
9.85545,0.613118,0
4.6751,-5.64101,0
-1.78772,-6.28458,0
-4.98514,-5.3308,0
5.268,-0.7265229999999999,1
9.32474,0.959867,0
-7.52297,1.47797,0
0.30443400000000004,-3.375,1
-3.55927,-0.638444,1
5.76224,5.9561,0
4.1100900000000005,-1.71982,1
-4.96922,2.26012,1
5.89014,-4.49167,0
-7.12078,1.12829,0
3.107,-0.720821,1
5.16427,-4.11711,0
3.68314,2.57147,1
-1.28104,9.51221,0
3.25363,3.77014,1
4.8226,-6.588139999999999,0
-6.9317199999999985,-1.33449,0
-8.75573,2.51165,0
-6.67428,5.3411800000000005,0
6.16196,4.0714,0
7.97871,-1.84685,0
-0.0148101,-8.91353,0
9.1272,0.914945,0
-2.5217,-2.16054,1
-2.42294,-2.42147,1
3.26759,-1.56196,1
8.06211,-0.150064,0
3.98113,-9.06499,0
4.7747,8.45632,0
5.31276,-8.3634,0
-3.702280000000001,-4.21584,1
4.40207,5.6467800000000015,0
5.39187,1.2029,1
-1.10139,8.96335,0
6.94693,-2.96519,0
4.0163400000000005,2.5571900000000003,1
-1.32956,-5.95665,1
6.54131,-0.16812,0
-5.58814,0.15729400000000002,1
3.64478,-2.2564,1
-3.2604,2.48751,1
3.66144,-2.13561,1
-6.658239999999998,-4.99563,0
-1.63323,-9.65492,0
0.5810029999999999,4.90966,1
-3.30628,-8.71212,0
-4.55748,2.49376,1
4.0269,0.14549,1
1.68802,-9.51529,0
-3.48747,6.07437,0
-8.06475,-4.20213,0
-5.1490800000000005,-0.504545,1
0.112863,-3.1055900000000003,1
4.4107699999999985,-8.17183,0
-3.90892,2.74718,1
-8.109860000000001,-2.39949,0
2.86048,-3.93919,1
-5.9917099999999985,-2.62933,0
6.49607,-0.54106,0
-9.17128,-1.72666,0
0.0625077,-9.43241,0
-7.663839999999999,-6.18468,0
-5.94672,-6.52145,0
-6.66377,2.0955,0
-0.9161,3.10792,1
-5.21522,7.830139999999999,0
-5.69415,-1.58454,1
8.64145,-3.18093,0
-1.91393,-7.461060000000002,0
1.95557,7.333660000000001,0
-3.1431400000000003,-6.73269,0
3.67139,4.97224,0
8.42845,-2.9899400000000003,0
8.145610000000001,3.32409,0
9.91487,-0.7271380000000001,0
-1.00528,4.2333,1
0.827774,-7.60503,0
2.25179,5.82176,0
6.34469,-4.87289,0
1.37016,8.2866,0
-7.05024,6.5515,0
-4.18191,-5.32765,0
-1.8511,8.538889999999999,0
-7.16391,-3.85021,0
9.48549,2.58935,0
-0.776169,-5.06687,1
1.16785,8.0466,0
-8.45271,-4.6415,0
0.999108,-7.99984,0
6.70061,-2.7816,0
-8.502460000000001,-0.867609,0
3.52787,-7.07016,0
-8.111880000000001,3.65989,0
-8.20744,-2.47309,0
-5.1666300000000005,4.38232,0
-6.2950599999999985,-1.01647,1
3.81424,5.99949,0
-6.575760000000002,1.20557,0
1.95699,-8.79936,0
9.23407,-2.96634,0
-2.39529,2.3898900000000003,1
6.8315899999999985,-1.52853,0
-9.93993,-0.459255,0
8.7201,-1.30294,0
-3.09148,1.42689,1
1.6656400000000002,-5.64997,1
0.937391,-5.2619,1
3.28702,4.98922,1
-6.127269999999998,-0.996244,1
-3.87065,5.97362,0
-1.39271,-7.33582,0
6.8028,-5.30975,0
-0.97604,-4.3028,1
2.80273,5.42088,0
1.4205299999999998,-5.1629,1
7.21868,4.29839,0
2.99437,6.39445,0
-8.4915,3.32944,0
-2.18585,2.46303,1
-3.81125,4.27992,1
-7.3196,-0.59787,0
-8.39547,-2.6713,0
3.40421,-5.48304,0
6.564769999999998,-5.97096,0
6.04825,-6.983339999999999,0
-9.06753,2.05948,0
-6.37608,-2.75103,0
3.4275800000000003,7.303339999999999,0
7.19947,1.47302,0
-2.93683,0.710313,1
-1.76614,-3.44158,1
-2.66637,6.3746800000000015,0
7.537610000000001,4.63896,0
-1.53112,6.54076,0
-9.484,2.35188,0
8.03018,3.2197400000000003,0
-5.75443,5.2409300000000005,0
4.33994,1.3142200000000002,1
8.10972,0.0135462,0
7.67151,-4.9662,0
-6.9397,4.51919,0
-5.90584,0.607632,1
-7.530489999999999,-4.93824,0
3.02767,6.09772,0
4.31982,3.2825300000000004,1
-4.46345,2.83118,1
3.63912,2.62332,1
-3.58237,-8.89789,0
-6.8765399999999985,6.06695,0
7.156630000000002,1.4879,0
7.18125,-4.67185,0
0.250596,-8.23852,0
-4.8416,7.255839999999999,0
8.94612,-2.58225,0
0.207972,-4.60927,1
-7.9422,-4.47642,0
4.766769999999998,-4.8136,0
-2.23583,2.41656,1
-4.91671,4.77999,0
-2.68966,-5.1324,1
-0.243671,4.62947,1
7.473260000000002,3.07793,0
1.98579,-4.79445,1
-0.379837,-3.92268,1
-4.46867,-4.9367,0
8.89852,-2.5898,0
-6.727130000000002,-2.84138,0
4.89766,-5.1010800000000005,0
6.21991,-1.96074,0
5.83825,3.46014,0
-5.39334,-5.82998,0
-4.53426,-7.3293300000000015,0
-4.0957300000000005,3.02603,1
-1.43936,8.61224,0
1.88776,7.6394600000000015,0
-3.65097,-1.86719,1
-1.78062,-6.815060000000001,0
-0.649139,9.91251,0
-0.468189,-8.847430000000003,0
1.30404,-2.97362,1
7.36097,-4.16211,0
7.36035,5.36996,0
-3.0774,-1.81104,1
1.7865,5.66022,0
-8.65568,3.96154,0
1.55835,-8.80819,0
0.669078,5.1857,1
-0.411533,3.36031,1
-3.24106,7.51975,0
4.5207,-0.519599,1
7.1002800000000015,-5.65899,0
3.32893,9.31299,0
3.4868,2.57567,1
1.55476,-9.19849,0
-7.60047,-1.06184,0
-6.422630000000002,-5.13,0
-8.88453,-2.26005,0
1.9281,5.58429,1
-4.7826,-1.14583,1
1.98101,-5.16594,1
-4.01837,3.2299900000000004,1
-6.42001,-1.15488,1
-8.04035,5.85079,0
-5.84617,3.40126,0
5.0488300000000015,-4.33275,0
-0.53096,-3.84059,1
-8.86086,-4.39655,0
7.15377,-6.591989999999999,0
5.72215,-7.863460000000001,0
-1.19015,-2.87584,1
5.75369,2.22185,0
-2.77127,3.2545900000000003,1
-0.0275491,-3.01763,1
4.05575,4.93099,0
-4.78297,-7.360130000000002,0
-1.65353,9.09613,0
-1.39612,-4.61186,1
8.54632,-1.96338,0
1.4175,3.91295,1
5.03105,-3.07575,0
1.01245,-3.75667,1
1.60632,-2.63268,1
-7.4649899999999985,-4.02776,0
5.39561,3.94597,0
-0.129924,-3.63051,1
-3.5313800000000004,8.07765,0
-0.545952,4.17833,1
-5.12669,-4.32995,0
6.53072,1.81782,0
-7.82533,-0.250267,0
-6.23888,3.16642,0
-1.91629,-7.06703,0
4.45565,6.15227,0
3.19224,-8.07168,0
-0.780436,3.20462,1
-5.01622,-7.6082100000000015,0
8.79033,-0.916777,0
-8.27491,3.59495,0
0.337432,-8.77765,0
-6.00093,2.40245,0
-3.86312,-7.40027,0
3.72753,8.5262,0
0.18012,7.2754,0
-2.41853,-8.25864,0
-2.94091,-7.8227,0
3.91519,2.54566,1
4.89642,-5.83782,0
3.69645,6.1775699999999985,0
6.44871,3.38789,0
0.346567,4.7548900000000005,1
-4.48808,8.91376,0
-6.39282,-4.07848,0
-7.0588,2.83118,0
3.69234,-2.91972,1
-6.97315,2.34702,0
6.37219,-2.6004,0
-5.00462,7.35948,0
-1.30248,9.21716,0
-8.30097,5.53225,0
0.444543,-8.571069999999999,0
6.10597,2.9636400000000003,0
-7.84638,5.83662,0
-3.94139,-2.86643,1
3.92805,-1.20315,1
9.62206,-2.11702,0
-0.775173,-8.32579,0
-1.6156,6.61526,0
2.7044,-7.17334,0
-2.39148,6.41898,0
3.78394,-3.26658,1
-1.48064,-5.13654,1
-9.79834,-0.632073,0
-3.25826,-1.54751,1
6.13168,-4.8835,0
3.01628,-5.32134,1
4.15911,2.07912,1
3.68805,5.11118,0
3.58632,-4.74201,1
5.65795,-6.7712,0
-3.48201,-2.14548,1
0.838319,9.63547,0
3.294,2.19928,1
3.2493,-9.00945,0
-1.89993,7.95127,0
-2.93051,6.94999,0
8.46204,1.45298,0
-1.78427,-8.26614,0
-2.4351700000000003,-7.891210000000001,0
-7.60388,1.59372,0
5.6806199999999984,-5.77415,0
-0.764528,-9.42986,0
-7.695889999999999,-4.81764,0
9.36141,-2.84285,0
1.29323,-4.74355,1
-4.84169,5.71139,0
-9.80906,-0.8958969999999999,0
2.65197,-8.26099,0
-2.39645,2.83367,1
5.46809,2.11659,1
-6.54358,2.07859,0
-5.14995,4.74854,0
8.720180000000001,0.0100145,0
8.313189999999999,-0.166594,0
-5.74127,6.55485,0
7.28229,-6.49685,0
7.36725,1.29774,0
-8.836689999999997,1.75022,0
-4.05339,-5.30249,0
1.11172,4.68485,1
-1.74948,-3.5001800000000003,1
-4.20705,-7.85752,0
-1.32662,3.5163300000000004,1
-1.00774,2.86718,1
-5.2715,1.81697,1
-2.14836,-7.55635,0
0.4609720000000001,7.559989999999999,0
0.762523,-4.27393,1
8.10352,-4.16607,0
-3.95978,8.0258,0
-0.168022,-3.94304,1
6.00133,4.41291,0
7.7084800000000016,-3.65767,0
5.5710000000000015,-8.23405,0
-9.68889,-1.13351,0
-2.39478,-9.02255,0
-2.015,-6.0326900000000006,0
8.50382,3.71967,0
-3.5367300000000004,-1.87066,1
-0.18067,3.4713300000000005,1
-3.74037,-4.3363,1
4.35571,6.48476,0
9.35549,-2.25354,0
4.6733,4.08628,0
-1.85547,-4.8485,1
-8.80561,4.05534,0
-1.93195,9.73061,0
2.33284,8.04578,0
5.5056400000000005,-6.70661,0
1.96419,-7.9239,0
3.01834,9.21705,0
2.52124,-5.59586,0
-9.67215,0.107849,0
-7.3768,-1.87684,0
-4.03909,-5.06942,0
-1.7583799999999998,6.9554300000000016,0
-0.00904426,7.99305,0
-0.8518100000000001,3.63415,1
-0.908771,6.28041,1
1.13445,6.6943100000000015,0
-8.64905,-4.58486,0
-3.70523,6.20489,0
5.66797,1.4912,1
2.67115,-5.96938,0
-7.3424,-3.76517,0
-1.19628,-5.8379900000000005,1
0.920433,9.72412,0
-6.75908,0.186101,0
7.807460000000002,-0.0684961,0
8.78655,-4.40131,0
7.17203,0.351327,0
4.75432,5.84401,0
0.284069,-5.64732,1
5.41355,5.5728300000000015,0
2.54831,9.47793,0
-4.50447,-6.59463,0
4.09705,-0.8814790000000001,1
4.98016,1.5348,1
-4.58111,5.21442,0
-1.2492299999999998,4.1612300000000015,1
-2.20994,-2.53843,1
-3.36418,-1.72673,1
-1.11442,9.91501,0
-5.2010000000000005,6.7328800000000015,0
-0.5161060000000001,5.80243,1
1.41324,-7.62288,0
2.29382,-7.73853,0
-1.48485,4.15394,1
-4.7759,-8.48493,0
-6.29716,3.67127,0
2.97667,8.92323,0
-7.23499,1.53498,0
-1.12642,8.225719999999999,0
-3.84819,3.46117,1
-8.19552,-2.06356,0
-4.6588,-0.481617,1
5.4645,1.89189,1
-2.97712,3.56377,1
-3.78012,7.57993,0
-4.11454,6.98378,0
-3.56958,6.06085,0
4.7510900000000005,-8.37786,0
-6.66597,5.11998,0
-8.565430000000001,0.8753139999999999,0
-8.590489999999999,-0.32767,0
-7.1494,-0.023904,0
-3.62006,-2.33933,1
2.84132,-5.8866,0
3.98617,-4.50842,1
6.93007,-6.3063699999999985,0
8.85707,0.835633,0
4.48436,8.640419999999999,0
-0.464998,4.7732199999999985,1
3.5211900000000003,0.658229,1
2.85587,-1.36859,1
-1.94492,-8.323939999999999,0
-0.382266,-4.75066,1
-4.31795,8.252880000000001,0
6.21512,-2.43945,0
6.12709,-1.98764,0
-3.5565800000000003,4.49889,1
-2.98591,-4.24489,1
-3.816230000000001,0.5770609999999999,1
-1.33304,-4.40664,1
-2.3833900000000003,2.3799200000000003,1
-0.714388,-6.712560000000001,0
1.99515,-7.4454600000000015,0
4.22003,5.9679400000000005,0
3.22153,4.30211,1
5.59327,6.1314,0
-9.54614,-1.93638,0
-4.7481,-1.24349,1
0.669754,-3.43679,1
-2.18938,3.1426,1
-2.36875,8.40403,0
6.48647,-1.83987,0
5.67841,-2.97742,0
-5.4367,5.3735,0
-7.5503399999999985,1.48046,0
2.08347,-3.09282,1
-1.00411,3.84179,1
1.2143,8.74227,0
1.1609200000000002,-8.48585,0
-1.6606299999999998,9.73163,0
7.8704800000000015,-0.81481,0
5.49256,-6.5530800000000005,0
2.35711,-4.11491,1
2.29684,2.96351,1
-6.9961600000000015,-4.41305,0
2.08703,-3.2926300000000004,1
-1.27821,-2.8020400000000003,1
6.12005,-0.393874,0
0.161435,-6.7629899999999985,0
-5.61347,-5.62333,0
8.633569999999999,4.49442,0
-2.3284700000000003,5.32971,1
-3.4959300000000004,3.95643,1
-4.34435,4.53688,1
-9.09738,0.294821,0
-4.9417800000000005,3.49608,1
2.70805,-5.7844,0
1.60343,8.78153,0
3.72263,6.2468,0
-3.0395,-4.94197,1
4.92656,0.69716,1
-2.8252200000000003,-3.51356,1
7.654,0.7654449999999999,0
4.84124,6.646789999999998,0
-7.406110000000001,5.58783,0
-5.35275,-3.69006,0
1.21931,-7.04318,0
5.30961,-1.43026,1
-1.99044,6.7381600000000015,0
1.41705,-3.69162,1
-4.97617,5.45688,0
-6.15221,-0.113814,1
7.129460000000001,4.87154,0
-4.08448,-7.77838,0
8.83574,2.34362,0
-3.551,-1.57357,1
-6.9408,5.90527,0
9.88036,-0.8664639999999999,0
-2.65825,2.7749900000000003,1
-0.742722,-2.9357,1
-0.368187,-8.11725,0
-6.6783199999999985,-2.58842,0
-3.58612,8.0906,0
-1.28568,-8.391,0
-7.61251,-3.43861,0
-1.78056,-5.87527,0
-5.59154,2.9996,0
-5.76035,5.84244,0
-6.07686,6.1439,0
0.455229,-8.97452,0
5.283919999999998,6.76735,0
-1.12169,7.68872,0
4.35698,7.81256,0
5.61272,-7.07792,0
8.20238,-2.62397,0
-0.988381,8.276810000000001,0
8.372639999999999,-1.08798,0
-1.44495,-5.31436,1
1.49955,2.87523,1
4.05951,8.1931,0
-0.907168,-6.77042,0
-8.55025,-3.99006,0
-0.8812049999999999,9.58848,0
7.5851,2.7555,0
-8.29068,-1.39903,0
6.584160000000002,-0.054492499999999985,0
4.14426,-7.42115,0
-5.77533,-5.92106,0
4.80072,5.66423,0
-1.3515700000000002,4.21672,1
3.77076,-4.7874300000000005,1
-2.28212,4.46982,1
4.23465,-8.28203,0
3.96905,7.876419999999999,0
-1.0153,-4.09438,1
3.8664,2.51685,1
-9.10944,-2.35555,0
2.36276,-9.04081,0
7.4074300000000015,-3.25779,0
6.33913,1.68324,0
4.66164,8.18835,0
1.53841,-3.86571,1
-5.02621,4.5427800000000005,0
5.80578,-2.23893,0
-6.037719999999998,4.10504,0
-6.633889999999999,4.22925,0
0.971691,-8.7922,0
9.50189,-1.77594,0
1.44895,-7.424410000000001,0
-2.07144,5.27267,1
-2.26874,9.34332,0
6.47958,2.35554,0
9.49363,-0.545608,0
7.3578,2.60371,0
0.479177,-6.4710800000000015,0
0.724016,8.529010000000001,0
-5.8224,2.87934,0
-6.87685,0.773816,0
-7.07597,-5.80985,0
-6.2263,-5.45336,0
5.37309,5.51065,0
-2.55326,7.29271,0
8.52722,-3.09215,0
-9.75199,-1.6494400000000002,0
-2.06798,3.43496,1
6.9462199999999985,5.03808,0
-4.9976,5.38301,0
-7.77078,-3.54419,0
4.15951,8.94707,0
-6.64134,-0.994382,0
7.423089999999998,-0.180491,0
6.48808,5.21667,0
-3.39841,2.99678,1
6.9218899999999985,-3.7324,0
1.70387,-3.07751,1
-3.64304,-8.57895,0
-6.1934,7.59201,0
-1.01196,-7.98385,0
-4.51698,3.15341,1
-0.704789,-5.39591,1
-9.00791,4.11931,0
-3.16742,5.10885,0
4.405480000000002,2.89072,1
4.34342,-0.12528399999999998,1
-5.65201,6.612660000000001,0
-1.06238,4.57705,1
6.41364,-6.02177,0
-5.324330000000002,-5.9835,0
-3.09305,-4.89867,1
8.007660000000001,4.72776,0
-0.511359,5.58162,1
-9.72803,1.01366,0
9.63527,0.0355659,0
-2.24344,-5.47054,1
-3.40538,5.78845,0
4.04796,-5.89647,0
-2.01864,-7.27122,0
-7.3348,4.09141,0
4.29501,6.2928,0
3.01162,-3.71449,1
-3.70436,0.766951,1
5.45261,2.06324,1
-3.12195,9.32954,0
0.119447,7.5476899999999985,0
-5.94081,-7.2118699999999984,0
-9.27478,-1.15225,0
-5.90486,-3.05247,0
-2.9364,7.853439999999999,0
-7.2269,-2.46401,0
7.309039999999999,3.03226,0
3.27354,-1.5513,1
7.3647,-1.53144,0
1.1407200000000002,-7.92707,0
4.4812699999999985,-3.21382,1
5.3966400000000005,1.26259,1
0.380122,8.70538,0
-8.749880000000001,0.763108,0
5.56429,-1.00452,1
-2.93975,-8.44523,0
5.93105,3.22063,0
1.17849,6.94503,0
5.18149,5.21859,0
-8.612919999999999,2.65296,0
8.243889999999999,-4.98579,0
3.78554,3.5583,1
4.28822,-7.894710000000001,0
-6.47117,-0.925843,0
-0.647119,3.87457,1
-0.12880899999999998,-4.88808,1
2.63155,8.402460000000001,0
2.81281,-5.13839,1
-0.870431,-9.3278,0
7.60367,-5.12827,0
9.2235,-0.701461,0
-9.46272,-0.00511622,0
-5.98824,-4.36295,0
-8.1189,5.58706,0
1.69022,7.60941,0
-2.81796,-1.5007700000000002,1
-3.49036,-2.48575,1
2.05192,6.567360000000001,0
-2.44962,9.27283,0
8.42864,0.10508,0
6.07931,-4.99519,0
5.77349,-4.92298,0
-0.4853020000000001,3.5367900000000003,1
2.83565,-1.21005,1
2.6649,8.90041,0
-5.8613800000000005,7.75996,0
1.58314,7.862539999999999,0
5.69488,-6.16015,0
6.38101,5.55496,0
2.15551,7.67812,0
6.2343,-0.169132,0
-2.59672,-3.02541,1
-8.06563,0.930902,0
4.67491,-8.70535,0
9.26501,-2.9458900000000003,0
9.67932,0.338878,0
-4.47897,2.00068,1
5.35838,-1.73422,1
-7.01832,3.10186,0
-6.33667,-0.351868,1
6.15661,-5.93889,0
5.03105,-3.09688,0
2.65709,-2.22821,1
1.72479,8.49036,0
-2.55413,-7.23695,0
8.62353,-4.3728,0
6.2781,-4.02569,0
0.2026,5.10496,1
-1.01999,-3.0338,1
-9.02011,-0.941114,0
2.69477,-8.98055,0
3.82302,-6.48738,0
6.5934800000000005,-3.4485300000000003,0
0.546516,5.30018,1
0.149004,4.30989,1
-3.69853,-1.26882,1
-5.06016,-6.0831300000000015,0
0.883925,-3.87262,1
-7.19485,-3.80038,0
5.82741,1.23393,1
-1.2681,6.97805,0
-6.5857,-5.94095,0
-7.5350899999999985,-2.26214,0
0.203841,5.96286,1
-2.29157,5.59828,1
6.731389999999998,-5.5752,0
-2.41067,3.84421,1
0.794291,9.64818,0
-2.97459,6.07097,0
-5.22213,-8.34574,0
-6.82602,-4.97501,0
5.0799400000000015,-1.45599,1
9.11053,0.605234,0
7.1878600000000015,6.34035,0
2.22198,4.78151,1
-4.67938,-6.25625,0
3.96641,3.4224900000000003,1
1.7172900000000002,2.56345,1
3.91162,2.68051,1
-4.54666,4.33585,0
-4.49111,-2.1407700000000003,1
5.33624,6.23087,0
2.16148,8.05757,0
3.59746,2.57228,1
-7.73469,3.0081900000000004,0
-1.33362,5.76955,1
-1.99531,4.8244,1
3.77473,1.80965,1
-5.15071,-8.04992,0
4.975230000000002,-1.37337,1
-2.2475400000000003,5.5700699999999985,1
-3.90275,6.39774,0
6.78724,-6.85762,0
3.98956,-7.44417,0
5.774,3.66725,0
-4.60904,-4.06157,1
-2.77955,4.10973,1
-7.732189999999999,5.07117,0
-8.860489999999997,1.68579,0
-6.9388,-0.359791,0
-7.0068800000000016,-4.57357,0
5.31321,-0.88108,1
-8.3153,4.69639,0
-0.969018,-6.2900800000000014,0
2.69485,-7.710489999999999,0
-3.66312,-5.9812400000000014,0
-6.75673,-0.299499,0
6.3152599999999985,0.530628,0
-1.73538,-6.55169,0
5.8287,2.97324,0
-8.68455,-1.2707,0
3.41632,-1.87848,1
8.43087,-2.39299,0
-2.04337,-2.84078,1
-2.56704,-4.1616800000000005,1
-5.29648,2.01506,1
7.18755,1.2122,0
-6.598330000000002,1.9502,0
-1.56776,-9.38323,0
-3.99646,-8.43321,0
3.10399,8.82023,0
3.15694,-1.24191,1
7.14934,-1.11515,0
-2.25437,-9.17406,0
-3.69992,-4.53411,1
-4.81222,1.08769,1
0.809759,9.61607,0
-2.78886,7.6099,0
2.9495,-7.72178,0
0.0709771,-7.08703,0
8.25956,-1.56695,0
4.24357,1.70799,1
6.21748,-2.80531,0
-8.83202,0.180458,0
2.50576,-5.65422,0
5.887580000000002,-7.369839999999999,0
-4.98281,-6.15841,0
-4.42554,-0.07997910000000001,1
-4.20796,-3.11878,1
2.61726,8.250160000000001,0
2.62964,-3.71023,1
2.1079,7.4115199999999986,0
8.92377,1.7543799999999998,0
5.83844,6.60697,0
3.32052,7.957960000000001,0
-4.98609,-1.27468,1
-3.51401,0.111101,1
8.82264,2.18582,0
-2.89677,-6.01297,0
0.07312010000000001,8.92929,0
-5.362430000000002,-6.32264,0
-4.54133,-6.08682,0
-1.1237700000000002,-7.24506,0
-5.1161400000000015,-6.9188399999999985,0
3.8013,8.40373,0
-1.7958599999999998,-3.0244,1
8.87251,0.273513,0
-3.06892,0.5869270000000001,1
4.48816,-7.52036,0
5.38062,-7.94995,0
-3.18131,-8.29931,0
-6.51165,-1.3147,0
3.86403,2.7232,1
8.84637,0.909908,0
-7.172960000000002,4.07686,0
-0.229876,-3.52937,1
0.251778,-8.36393,0
7.47912,1.63524,0
3.43713,7.85113,0
-6.0759,2.37093,0
1.29444,-4.2979400000000005,1
8.79848,-4.01323,0
3.63512,-4.6005,1
-0.538165,-4.94395,1
6.9744899999999985,0.19308,0
5.088419999999998,1.04043,1
6.5575600000000005,-7.060389999999999,0
-3.97914,2.58376,1
5.26436,-1.98242,1
1.47224,3.88779,1
2.10549,6.898160000000002,0
-2.59267,5.00014,1
-2.65714,1.4945700000000002,1
6.53636,-3.47278,0
-6.95891,1.54732,0
-6.735589999999998,-5.11194,0
-0.992241,3.40138,1
7.39213,-0.441988,0
-1.89708,-4.18312,1
-5.71049,3.76421,0
5.14987,-6.08904,0
-5.90779,7.7941699999999985,0
-3.3840800000000004,3.7395,1
7.3256,1.34093,0
-2.99573,-9.16402,0
0.342945,3.88249,1
-6.9889600000000005,-3.49753,0
-2.9079,6.93634,0
-0.955769,-3.60749,1
-2.23212,4.7629800000000015,1
-4.00873,5.23427,0
-0.419224,-5.8939,0
-3.31104,-8.65425,0
7.96705,2.15441,0
9.17236,-0.127279,0
7.531039999999999,-5.8200699999999985,0
2.05408,2.89094,1
-4.92429,-2.46331,1
-0.8798729999999999,-8.03014,0
-2.51052,5.7087900000000005,1
7.7133699999999985,-1.46498,0
-1.94717,-6.02825,0
3.16958,-8.95087,0
2.8065,8.80993,0
8.43907,-4.58253,0
9.63161,-1.59615,0
-6.54053,-6.710189999999999,0
1.84374,7.7259,0
9.16641,-0.193358,0
7.20671,3.22973,0
2.00238,-5.947019999999998,0
8.412230000000001,4.334980000000002,0
-2.05446,-9.24016,0
9.24606,-1.50104,0
-7.90522,-2.95204,0
5.08967,2.02794,1
3.55176,-5.60418,0
-5.0232199999999985,-5.25779,0
-8.03704,1.40924,0
5.12732,-5.08911,0
7.297339999999998,6.35357,0
4.45768,0.24455900000000005,1
-9.69957,-0.727086,0
-0.141094,8.635860000000001,0
2.95194,-6.68359,0
-3.08169,6.0638,0
-5.746180000000002,3.91668,0
7.6695600000000015,2.24241,0
8.14327,4.00394,0
-5.74758,0.470288,1
4.1330800000000005,4.70607,0
-8.057160000000001,3.2681400000000003,0
7.636989999999999,-5.05246,0
3.23354,6.06497,0
-6.01293,0.66495,1
-4.18317,-6.48796,0
-3.19966,3.3171699999999995,1
-8.39315,-3.60989,0
8.50483,0.680036,0
5.86756,-3.88228,0
-3.39689,8.49353,0
-0.118756,4.07134,1
6.941089999999999,-1.1268,0
1.83157,3.25198,1
-3.9172,3.5894800000000004,1
8.00972,-0.669199,0
-7.227130000000002,-6.38315,0
-1.55375,6.11112,1
-7.0229,6.11183,0
1.5388,2.57946,1
7.711310000000001,3.93981,0
-3.69361,1.54184,1
-6.35457,-1.28109,1
8.7568,-4.38891,0
-4.42349,-5.6571,0
1.07639,-9.11807,0
-7.02358,-5.31404,0
6.89113,-0.742514,0
0.565971,-7.73102,0
4.816,2.5637,1
8.12894,3.13303,0
-3.20721,-3.63406,1
2.40689,-7.317010000000002,0
3.06091,4.63266,1
1.17014,6.47313,0
-6.07051,-7.13104,0
8.65702,-1.43787,0
-6.3271,0.477046,0
-2.28141,-3.69781,1
-9.04497,1.18039,0
-5.37985,0.779095,1
-5.7552,-7.69152,0
8.66805,3.96772,0
5.45872,4.7751,0
-4.86716,-2.43093,1
3.42486,1.55226,1
-1.5320200000000002,-8.69546,0
-4.6192,5.02274,0
-2.87365,2.6173,1
8.88081,-0.277022,0
4.08643,0.657266,1
6.6737600000000015,5.83913,0
-1.73331,8.31729,0
4.3517800000000015,0.409698,1
-4.10348,-7.24764,0
-5.64154,2.63349,0
1.13092,7.42115,0
7.281689999999998,3.3953900000000004,0
6.31386,-2.97587,0
4.5179300000000016,-7.1369,0
7.32988,-6.623289999999999,0
2.37541,3.56674,1
6.2332,1.3997700000000002,0
5.91221,6.44082,0
-3.21523,1.55423,1
1.91404,9.21448,0
7.77048,-1.51728,0
-0.8813049999999999,7.904560000000001,0
-8.05528,-5.096419999999998,0
4.42271,-7.4433,0
0.4507930000000001,-3.51865,1
2.05168,2.53083,1
-4.3792300000000015,-1.72815,1
-4.9634,0.07471230000000001,1
-4.3106300000000015,-8.72645,0
-5.49288,1.16275,1
2.30669,8.5053,0
8.64759,0.103038,0
-8.246830000000001,-4.47248,0
3.7221,-2.69608,1
7.03072,5.29635,0
-4.19925,3.24653,1
4.45448,6.51951,0
-6.63082,-4.13393,0
0.990302,4.00258,1
-1.7622099999999998,2.58245,1
3.26819,8.43325,0
9.12939,-2.2742,0
-2.42743,2.1360900000000003,1
1.20833,8.41667,0
-1.0276,9.10822,0
1.8118,-9.08086,0
-1.95344,8.55995,0
7.00863,-5.91445,0
-4.09035,-6.55733,0
-9.04975,0.8906040000000001,0
-2.04524,5.62255,1
-1.7726400000000002,7.236089999999999,0
-2.99853,3.65581,1
3.20241,2.98238,1
4.90176,3.79915,0
-7.70839,5.05374,0
-1.86035,-6.88858,0
3.69942,-3.84668,1
-7.46623,-4.86672,0
4.9886300000000015,3.87877,0
-9.49019,-1.64288,0
8.10116,-3.8442,0
-8.3986,4.68556,0
-8.5096,-0.861346,0
3.35652,-6.9489600000000005,0
8.878219999999997,-3.69881,0
-5.97748,-3.45502,0
-8.46917,-1.38145,0
-7.72328,-5.08376,0
-2.6919,-2.80651,1
-8.955969999999997,-2.93419,0
4.98721,0.116506,1
-1.8918,4.5899800000000015,1
3.74361,-1.07509,1
-8.96074,-3.21318,0
-3.87466,-1.47591,1
-5.62,4.65222,0
9.88985,-1.22591,0
-3.79402,-6.09605,0
3.74522,5.96424,0
6.46612,-3.94737,0
-3.52716,-0.903219,1
6.69217,-4.76853,0
-4.63092,8.13852,0
4.12817,2.21739,1
-7.0636100000000015,1.82857,0
-2.2639,-9.36512,0
0.414716,-9.87146,0
-7.7130800000000015,6.23766,0
-3.67887,9.26583,0
-9.14613,1.06758,0
-3.15743,-6.88327,0
-7.05023,6.78175,0
-0.0718396,-7.4085,0
5.34151,-5.2745,0
-8.49891,-1.21909,0
-3.66468,7.7744399999999985,0
4.94754,-6.7385199999999985,0
5.65488,1.49807,1
-4.8036699999999986,4.749619999999998,0
6.864210000000001,6.69502,0
3.2437400000000003,-2.39275,1
4.99648,-4.08052,0
-1.2666,-7.794739999999999,0
7.90353,-5.33856,0
-2.87563,9.24973,0
0.151814,-8.45609,0
-1.43797,-7.941210000000001,0
-7.87638,1.67694,0
4.29898,-6.9600100000000005,0
3.0378,-3.72415,1
8.292769999999999,-3.47059,0
9.71624,0.7763359999999999,0
-6.18436,-0.468888,1
-3.9908,6.55168,0
-5.89945,7.925160000000001,0
-1.62949,-6.82655,0
6.17478,-0.481649,0
4.93356,-1.63166,1
-3.24218,8.73882,0
-6.7095,-6.611269999999998,0
4.3787,-7.19861,0
-7.03775,-3.50521,0
7.970160000000001,-5.5845400000000005,0
4.59725,6.0142,0
1.93285,5.3987,1
-4.003819999999998,7.71466,0
0.237384,9.7086,0
3.943130000000001,-7.749,0
2.5898,6.72165,0
4.04598,0.843023,1
8.68931,1.23052,0
1.33456,9.88585,0
-8.455039999999999,-3.91719,0
3.73787,2.4199900000000003,1
-7.22651,4.01622,0
0.597622,4.23904,1
1.12629,9.49697,0
-4.49049,8.33232,0
1.23735,-3.90723,1
-7.8598,0.395392,0
-9.06305,-2.61767,0
4.86608,4.21505,0
2.37324,7.06033,0
-5.97416,-7.64878,0
5.15834,-3.70265,0
-3.87374,-6.03057,0
4.2049,-8.24443,0
-4.0748,-5.08287,0
-7.8398,-3.54595,0
3.26396,-2.57884,1
-5.32361,6.1631800000000005,0
4.53297,5.63354,0
2.93171,-6.7639,0
-0.937346,6.0182400000000005,1
8.52482,-3.29089,0
4.08642,0.418092,1
6.87895,-5.45952,0
1.91866,6.95052,0
-2.62576,8.79385,0
1.57966,9.3177,0
-7.58484,1.54618,0
4.58291,5.02401,0
7.21403,6.12861,0
3.5664,0.436365,1
-6.00915,4.16216,0
-6.53889,0.836282,0
-4.6033300000000015,-8.22157,0
0.880315,-4.54827,1
1.03373,-6.0191300000000005,0
-3.43562,-2.50308,1
7.77286,-1.4598799999999998,0
3.71824,-7.5990600000000015,0
2.56894,-3.85587,1
-5.53227,-0.865914,1
3.31325,5.87396,0
3.66127,-5.03575,0
-0.999088,8.320089999999999,0
-4.17432,2.15138,1
-1.7427099999999998,-9.73107,0
7.64668,-2.32346,0
2.80264,3.99021,1
3.53935,5.905880000000002,0
0.17641400000000002,4.98611,1
1.4794200000000002,4.54254,1
9.64712,-0.8503299999999999,0
8.501339999999999,1.99776,0
-3.59306,-8.506960000000001,0
3.48505,-6.70528,0
4.3760900000000005,8.94774,0
4.64319,-1.91917,1
-4.52019,2.38561,1
-5.81131,-0.77867,1
1.32139,-4.50739,1
2.42774,0.884542,1
-4.3189199999999985,-3.79215,1
1.01037,-0.747364,1
-3.18347,1.70095,1
1.54327,-1.49602,1
-1.44727,-5.13048,1
0.987967,-4.2666,1
3.22385,-1.70964,1
-1.35443,-5.02831,1
-3.99342,1.74433,1
4.26975,-2.94355,1
-3.54325,0.276739,1
0.640777,0.0133994,1
4.74317,-2.32305,1
0.6273350000000001,-5.11268,1
1.5610700000000002,-2.67027,1
-2.84242,3.7061,1
2.28536,-2.82819,1
0.647898,4.66391,1
-2.48372,-0.33082399999999995,1
-0.536154,-1.88387,1
-1.47813,-0.704413,1
4.30276,2.48435,1
-3.10973,-4.38461,1
1.09848,0.734348,1
-0.335014,1.87967,1
-5.44776,-1.63576,1
0.6049479999999999,-5.13966,1
-2.48611,-3.45735,1
-0.8413430000000001,-1.32563,1
-5.61287,-0.559036,1
0.995627,0.277476,1
5.00464,1.13943,1
1.08281,-3.13237,1
-1.77185,-0.296012,1
-1.23573,4.4604,1
-1.02545,-2.4555,1
5.16912,2.10628,1
4.71292,0.417635,1
-2.11946,1.16363,1
-3.31692,1.17841,1
-3.67183,3.4466,1
0.35743400000000003,2.9427,1
-3.46709,1.73298,1
-1.28531,-1.38121,1
-5.53245,-1.45879,1
1.94994,1.9178,1
-1.69877,-2.22432,1
-1.66505,-1.15245,1
3.7232,-0.443924,1
-4.75739,-2.00169,1
2.99127,-5.1038,1
-1.15297,4.14313,1
0.556584,-4.42809,1
-1.1117,-5.30048,1
0.270245,4.1767400000000015,1
3.87793,-2.20854,1
0.29945700000000003,0.754369,1
4.07354,-1.7251299999999998,1
-3.3782300000000003,1.47699,1
4.18195,-0.256342,1
0.261098,4.17333,1
-4.47689,-3.97667,1
-0.991121,5.89397,1
-4.2037900000000015,3.43047,1
-1.96688,-3.23005,1
2.60086,5.30516,1
-5.06263,0.780275,1
-5.6597300000000015,1.90095,1
-0.544475,-5.27528,1
2.7126200000000003,3.2513,1
1.88045,-3.64302,1
3.63819,-4.12824,1
-5.44872,-2.37195,1
0.173337,-1.47122,1
4.2904800000000005,-1.13902,1
3.92618,-3.56216,1
4.40831,1.48138,1
0.963782,1.86389,1
0.5742229999999999,4.5037699999999985,1
-5.01832,-1.0622,1
-5.5549,1.81547,1
-4.68802,-1.40794,1
5.13545,-2.62355,1
-4.14288,-3.83593,1
-4.1717900000000006,-0.521788,1
-1.6130000000000002,2.61988,1
1.6618700000000002,-0.583634,1
-3.29489,-1.9528,1
-3.62732,-3.64248,1
5.2984800000000005,-1.69822,1
-0.5497270000000001,0.969584,1
-5.17199,2.90841,1
0.495842,3.7434,1
-5.74074,0.46314,1
0.742168,1.24664,1
-3.37495,3.74631,1
-0.0376869,0.574645,1
4.90952,-2.39289,1
1.84156,-1.65806,1
-0.18723,5.20201,1
1.20613,-0.123514,1
3.19271,0.554516,1
4.00401,-0.0930735,1
2.69489,-4.71739,1
-4.7824800000000005,-3.42887,1
-0.7196859999999999,0.939031,1
3.86827,-1.50801,1
-1.85817,-4.21261,1
5.71499,0.768,1
-2.0539400000000003,4.1004,1
5.278,-2.77836,1
2.42544,-2.36203,1
-2.14531,-0.732259,1
-3.82669,4.60662,1
4.9229699999999985,-1.72558,1
1.92638,5.05876,1
-5.91103,0.366505,1
3.72949,-4.63663,1
0.859009,3.50765,1
-1.92396,4.17514,1
1.2009999999999998,-3.33496,1
3.87673,-3.82988,1
-2.79425,2.5055,1
1.00718,5.65334,1
2.84851,3.65277,1
2.62315,2.12544,1
-3.98814,-0.7741899999999999,1
-2.73051,2.42406,1
-1.73575,0.356269,1
5.42753,-0.543237,1
2.57555,3.99144,1
4.38786,-2.83353,1
0.0412433,0.226902,1
1.3313,-5.30236,1
-0.12304,3.05073,1
-1.97553,-0.992593,1
0.288063,-0.110605,1
-2.64951,3.03876,1
2.3902,-2.68637,1
0.050444,3.5438,1
-1.41681,-2.85475,1
5.42673,-1.40962,1
1.17713,3.90106,1
2.85601,-4.257619999999998,1
-0.017356599999999996,-1.23214,1
-5.14743,-2.50205,1
0.367629,-4.83571,1
0.550581,2.63329,1
-4.62993,2.98634,1
2.0493900000000003,2.92918,1
-0.057246300000000014,-4.3566,1
3.4797,2.63847,1
-4.04691,4.24458,1
1.80536,-1.95853,1
-1.90453,3.58372,1
-2.71246,2.06072,1
-2.91164,-2.83035,1
-5.51291,-0.286096,1
0.839256,2.21092,1
-2.0924,5.4253,1
-3.14797,3.04623,1
-4.72414,-1.7347400000000002,1
1.35599,-1.57995,1
-5.36056,0.838038,1
-1.7099400000000002,-3.46871,1
2.0962400000000003,2.46686,1
-2.2789200000000003,-3.72638,1
3.70269,1.08976,1
-0.914229,-1.2379,1
-1.96924,-4.3369300000000015,1
3.2968900000000003,3.4139699999999995,1
-5.53457,-1.39096,1
3.9445,4.05195,1
2.38738,-5.3981900000000005,1
3.59815,1.75056,1
1.5059,5.67615,1
3.16908,1.43491,1
-1.25978,5.81044,1
3.38755,-3.72193,1
-4.44919,2.89222,1
-3.65865,-4.4267400000000015,1
-0.956136,-5.6518,1
4.79304,-0.956446,1
2.33442,2.95,1
1.06627,0.567703,1
-1.07867,-2.81617,1
1.47538,-5.11907,1
1.92879,-2.58082,1
3.75173,0.717425,1
-3.89236,2.47452,1
-0.437198,-5.53083,1
0.183323,4.3903300000000005,1
2.90002,2.75706,1
-0.627846,2.30826,1
2.65581,3.25175,1
1.34271,-3.73593,1
2.5384,4.558680000000002,1
-0.991781,-3.19241,1
-2.81979,-0.4291640000000001,1
-2.00573,-0.1676,1
-3.10157,0.00245994,1
-1.25154,1.19846,1
-4.99377,-2.16974,1
2.86099,-2.12645,1
-0.470423,3.95044,1
0.5481090000000001,-2.18016,1
2.6976,1.73985,1
-0.37826,4.6035,1
4.4790800000000015,1.44642,1
-5.88847,-1.06766,1
-0.527544,2.2598,1
0.256447,1.16757,1
-1.82864,1.18643,1
3.3496,-0.181401,1
-0.724531,3.97302,1
-0.0873728,3.834130000000001,1
-1.67072,-4.71871,1
3.65209,0.0651252,1
-1.87848,-5.21021,1
-3.56876,-4.53765,1
-4.71637,-2.34218,1
-1.24481,0.441466,1
2.65184,-2.82161,1
2.41406,5.49275,1
1.14575,0.8446040000000001,1
1.94813,5.38333,1
4.5274800000000015,-1.03312,1
1.01712,-0.8706299999999999,1
-1.1289,5.4516800000000005,1
3.74174,-1.63756,1
-3.09233,-0.12897999999999998,1
2.20106,0.0701808,1
-0.116678,1.70143,1
4.47595,-3.3120800000000004,1
4.12868,-1.68633,1
0.41749,-5.12704,1
-3.76104,-2.27452,1
-2.48621,1.39515,1
-2.74534,-3.17357,1
-4.601380000000002,-1.92709,1
-3.40518,2.26796,1
2.09024,-4.7089300000000005,1
-0.934086,-5.84735,1
-1.01445,-0.162037,1
2.04192,4.61029,1
-4.47845,0.751139,1
0.814118,-0.0380597,1
1.89827,0.483631,1
-1.40136,4.0225,1
-5.46671,1.25863,1
1.91577,4.59928,1
2.2680700000000003,0.169188,1
2.922,5.12072,1
-0.344046,-1.0808799999999998,1
4.65755,-1.81037,1
-2.75311,3.91351,1
-3.49281,-4.46683,1
4.12576,2.40881,1
-4.65816,-2.48445,1
3.5255400000000003,4.30699,1
1.76406,-1.79765,1
3.4906300000000003,-2.49072,1
1.73648,4.8232599999999985,1
-3.40119,3.84689,1
-2.58408,3.65759,1
2.06888,0.29948,1
-2.36748,-0.531953,1
-1.29414,-5.36718,1
-2.78799,3.65609,1
-3.4568,1.45656,1
0.618392,-2.7613,1
-2.66703,-1.30681,1
0.473167,1.70308,1
3.01927,-3.73093,1
2.5067,3.56054,1
1.87691,-1.34776,1
1.91556,4.57463,1
2.5672,0.105975,1
-1.2594,1.54385,1
2.12142,1.9326,1
-3.74658,3.654630000000001,1
3.3301300000000005,-4.24944,1
-0.6100220000000001,5.55883,1
0.7705029999999999,0.7533449999999999,1
0.10598,-2.08286,1
0.351773,4.71246,1
-3.91338,1.43294,1
-2.96264,-2.13044,1
3.51066,3.69131,1
3.1838,-0.885893,1
4.80013,2.10423,1
2.22835,1.97306,1
-4.80037,-1.35648,1
1.34051,2.23774,1
4.91894,1.5295299999999998,1
-3.0608,2.00144,1
-5.268680000000002,2.33364,1
0.696274,1.36484,1
4.84543,-3.53747,1
1.58971,2.10716,1
3.47505,-3.88735,1
-5.2401300000000015,0.609762,1
-1.21685,-1.28834,1
-1.00147,-2.45549,1
-1.5236,1.58539,1
-2.59297,0.445621,1
0.210719,4.79854,1
-3.19722,3.78961,1
-0.6448729999999999,0.679006,1
-1.75142,-3.34268,1
-0.158139,4.54941,1
-1.2673,-3.42469,1
1.15133,3.46348,1
-0.749841,2.47179,1
-4.36505,-3.62939,1
1.64841,-0.957809,1
5.62111,0.245221,1
-2.8796,-2.68396,1
-2.08439,2.82259,1
1.4197,5.35155,1
3.28987,2.51628,1
-5.37664,-2.40798,1
1.26162,-2.24872,1
4.0113699999999985,-3.97764,1
-4.70346,2.66647,1
4.30112,-1.63209,1
2.60573,-2.46814,1
-3.47187,-4.46577,1
-1.95916,-1.05818,1
1.89515,4.72377,1
1.49889,3.00131,1
0.808846,-3.2534,1
5.4707300000000005,2.22807,1
-2.97919,-0.924497,1
-3.44836,3.59265,1
1.45297,-3.3777699999999995,1
1.85715,-1.63883,1
1.74135,-0.5625819999999999,1
2.80501,2.71126,1
-2.21294,1.25016,1
5.58717,-1.27945,1
2.99298,-5.18924,1
-2.83796,-4.72041,1
-1.5194,5.21614,1
2.54441,-0.917659,1
3.56825,3.0493200000000003,1
-3.1575,-0.95205,1
2.95182,-4.0145800000000005,1
1.18373,2.43114,1
-1.24861,-4.20234,1
-1.33532,-3.88064,1
0.148472,-1.6401599999999998,1
-0.310298,-2.72883,1
-2.99728,2.67022,1
2.34132,-5.16037,1
-3.34194,-2.31829,1
0.8192649999999999,-3.17038,1
-2.28211,-5.25192,1
0.43449,-4.97006,1
-3.3045400000000003,-0.0487763,1
2.83492,-0.35887,1
1.13004,2.24438,1
5.20783,1.9829900000000005,1
2.02781,4.95357,1
-3.62716,2.38595,1
3.96419,4.0532900000000005,1
-4.26312,-3.18326,1
2.76288,3.68055,1
-0.526215,1.86957,1
-1.06209,-1.50856,1
-1.20506,1.31428,1
-0.214288,-3.72778,1
-1.04466,-1.50997,1
-1.89422,5.49563,1
-2.24875,-2.16603,1
-0.293679,2.83554,1
2.13658,-5.45486,1
3.08645,-4.69678,1
-2.24751,1.85426,1
-1.19023,3.92176,1
4.96856,-1.9784,1
-2.93896,3.18288,1
1.7154200000000002,1.26071,1
-2.47413,4.9549,1
-5.06989,-1.05821,1
4.92729,-2.85192,1
-5.08309,-0.196396,1
1.51489,-4.6645699999999986,1
0.572034,4.04628,1
3.35923,1.8267,1
-0.200021,1.77816,1
-4.10078,3.56374,1
-0.0545434,-2.31603,1
-0.490518,4.7504800000000005,1
0.929428,-0.134588,1
-2.35346,4.6252900000000015,1
0.986097,-4.2100300000000015,1
-1.94447,-4.90819,1
-0.108055,0.680569,1
4.57191,-1.97733,1
4.55713,3.06008,1
0.489821,-2.91161,1
4.82038,2.5396400000000003,1
2.0343,0.892208,1
-4.1046,-2.75993,1
4.8755,-1.70445,1
-4.17861,3.59391,1
-5.41542,0.906533,1
1.44428,-2.38071,1
4.41824,-3.68449,1
-1.2998,-3.5303400000000003,1
-3.06318,-2.08356,1
-0.141977,3.5751800000000005,1
4.70579,-2.57471,1
1.32033,-2.66629,1
2.95269,4.59494,1
3.32391,-0.743008,1
-0.486475,-5.3487300000000015,1
-3.843080000000001,-4.09123,1
4.54643,0.250065,1
2.72605,-0.363511,1
-1.54959,1.12857,1
-0.719871,-4.86294,1
2.36946,2.57192,1
-2.76756,1.80773,1
0.29478200000000004,-4.30776,1
0.874603,0.0590175,1
0.705867,5.12065,1
-1.2918,2.35835,1
1.5789,4.66439,1
-0.977193,-1.92312,1
-1.44543,-3.70376,1
4.97649,-1.23197,1
2.83838,-3.76451,1
-2.40586,2.63831,1
-5.48191,2.05859,1
-2.60547,-1.58529,1
-3.10604,-3.27108,1
-3.43126,-2.01619,1
-3.70296,-1.12415,1
3.58635,-2.57551,1
4.01954,1.80644,1
1.04827,-3.71371,1
3.0569,4.40985,1
-2.88608,3.62217,1
-3.9307,4.40705,1
4.63253,-0.888791,1
5.13099,-1.48321,1
-0.393103,1.94828,1
-1.22384,2.77791,1
1.21365,-5.63503,1
-0.76212,-2.22012,1
-0.5471689999999999,-3.18155,1
-1.96797,-3.51922,1
-1.2919999999999998,1.79632,1
-3.41762,-3.99407,1
4.7443300000000015,-0.0183222,1
-2.22406,-4.0304400000000005,1
-2.62901,0.695585,1
-3.57795,-3.47514,1
-3.93012,3.25043,1
4.17701,2.06553,1
-3.13088,1.7173900000000002,1
-3.27186,1.13713,1
0.59588,-4.07151,1
0.654187,-0.106394,1
-0.102373,-1.72279,1
-4.39163,0.377274,1
-0.4687520000000001,4.26242,1
-0.247336,-4.72205,1
-0.50569,4.2786300000000015,1
-1.40945,0.5836319999999999,1
-2.47321,3.25077,1
-2.8683400000000003,0.6482640000000001,1
2.78675,-1.08774,1
-0.5075729999999999,-0.214045,1
4.8951400000000005,-0.237805,1
2.36131,3.4849,1
1.10259,-5.67404,1
-0.702783,-0.95175,1
3.17017,-2.6921,1
0.835347,-4.04938,1
-1.79188,0.905513,1
3.806,-3.86834,1
-4.65046,3.4683300000000004,1
-3.86379,3.41022,1
0.6336649999999999,1.94462,1
3.755,4.34281,1
-1.50771,-5.03292,1
-2.42944,-5.3829400000000005,1
0.748661,3.0662700000000003,1
0.8694629999999999,1.68441,1
3.0575900000000003,3.10165,1
5.7367300000000006,0.278729,1
3.24815,-3.74608,1
2.08122,0.193428,1
3.86983,-3.05318,1
1.08378,4.30728,1
-4.18156,3.76822,1
-3.671580000000001,-2.01441,1
1.32529,-5.744669999999998,1
-0.401957,-5.88384,1
1.63904,-5.61454,1
1.6756,0.192145,1
-0.5898100000000001,0.403622,1
1.11195,3.9454,1
3.82847,-1.80888,1
-1.60226,3.74562,1
4.01919,-0.274446,1
-3.65791,-3.87224,1
-5.9581300000000015,0.405489,1
-0.108382,-1.15659,1
-2.46681,5.4667900000000005,1
-3.15332,-2.20609,1
-3.1734,1.36507,1
2.58303,-3.13816,1
-3.48025,2.96469,1
1.06668,1.43916,1
-1.82931,-1.33019,1
-0.333293,3.59305,1
0.4673229999999999,0.837608,1
-4.13994,0.960236,1
0.753897,-1.06318,1
0.934586,1.23222,1
4.79336,0.629846,1
-5.7744800000000005,0.6810729999999999,1
-5.36749,1.49001,1
2.0681,4.7857,1
-2.01428,-2.39487,1
-1.81794,-5.19528,1
3.6694,-4.57298,1
2.01253,0.687463,1
-4.48844,0.375445,1
-0.361477,2.7875400000000004,1
-1.62394,-4.73945,1
0.017838099999999996,0.330883,1
-1.25866,-2.80203,1
1.93298,-0.783751,1
-1.93922,-1.50715,1
0.148817,-2.16435,1
2.49999,-2.26756,1
-3.33,1.52555,1
-3.26176,2.8406700000000003,1
2.63999,-1.60522,1
-2.68345,-4.62346,1
-4.40597,-1.7842900000000002,1
0.34839200000000003,-3.3272800000000005,1
-1.10984,2.46611,1
3.32316,-1.51805,1
1.27981,-4.4386199999999985,1
2.34097,3.46677,1
3.76565,0.970044,1
-3.31491,2.24231,1
-2.7227,-3.31691,1
-0.82085,-2.70926,1
-1.60991,3.3039,1
-1.8842,-1.37726,1
0.509099,-0.365827,1
-1.17954,3.99309,1
4.06662,1.6607299999999998,1
2.6849,1.7534599999999998,1
-5.36739,-1.53638,1
0.423179,5.24532,1
-3.75181,2.34274,1
-4.4664,3.64618,1
3.35216,4.97464,1
-2.8742400000000004,-3.25818,1
-4.06269,-4.1906,1
1.76083,-3.22322,1
-1.81032,-5.10548,1
0.280771,-2.62479,1
-0.923333,2.85846,1
-4.80326,0.111866,1
1.30493,5.62611,1
3.60729,2.82596,1
-3.36654,-2.04947,1
-0.39785,2.5471,1
1.10622,5.08847,1
2.78228,3.39347,1
-0.175102,-2.70454,1
-0.932089,2.47776,1
1.50977,5.11871,1
-4.16101,-0.919338,1
3.0026,4.4492,1
0.689788,-5.10882,1
0.109167,2.8786400000000003,1
-1.83927,2.30849,1
-1.09542,3.21232,1
2.53373,-4.56193,1
-1.39417,1.07925,1
-2.02535,2.0661,1
0.555276,-0.056221900000000005,1
3.38092,1.95659,1
-2.1923,4.7569599999999985,1
2.47781,-1.5621200000000002,1
-2.5874900000000003,3.67364,1
1.63022,2.77162,1
-1.88811,-0.390608,1
1.85595,4.15307,1
-3.89079,-2.24902,1
-5.44929,1.51951,1
2.63092,1.58982,1
4.21501,-0.349082,1
3.1967,-0.591171,1
3.44115,-4.78095,1
4.52915,1.29597,1
-5.69149,0.740006,1
-3.04018,-4.09397,1
-3.29356,-4.65186,1
-0.295732,1.35467,1
-1.95361,-4.12493,1
3.342,2.33893,1
-2.79766,2.26687,1
2.09587,-0.726632,1
-0.944574,2.8956,1
1.0208,5.7114699999999985,1
-2.9708900000000003,-4.9255900000000015,1
-3.28243,0.50289,1
1.491,-2.14696,1
5.06206,-2.1047,1
2.0862,-0.14469,1
0.7650279999999999,-4.78876,1
3.82774,0.00385806,1
-1.05909,-3.00668,1
-1.0046700000000002,2.0973,1
-0.945976,-5.2901099999999985,1
0.947367,-0.4804890000000001,1
-5.114330000000002,1.56111,1
2.2366200000000003,0.443271,1
-1.61936,2.14848,1
-2.78681,1.36635,1
2.3848,2.8662,1
-3.70375,2.00506,1
0.0487385,2.74302,1
0.813872,5.49496,1
-5.05103,2.73084,1
-1.09878,-4.48766,1
5.0458300000000005,-1.80964,1
2.70819,-2.24323,1
-3.20867,-1.7684799999999998,1
4.6928800000000015,-1.84204,1
-5.45951,0.8959229999999999,1
-1.8063,1.05967,1
-1.90694,3.6934,1
-1.79523,-2.31165,1
3.74605,-0.600047,1
2.76434,3.24208,1
2.03306,4.77567,1
1.86239,3.27286,1
1.72491,-1.36858,1
3.24319,-2.7035400000000003,1
1.71328,5.56191,1
-4.57229,1.5915,1
-4.69008,-0.3713280000000001,1
2.93686,-4.59621,1
1.48944,2.68265,1
4.31283,0.0775811,1
3.75289,3.19871,1
2.02925,1.121,1
2.25392,0.395022,1
3.83384,2.49755,1
-3.01552,0.421341,1
1.59542,2.29571,1
2.35224,4.89156,1
0.558856,-5.70258,1
-5.24489,-2.0310900000000003,1
1.5661,-5.00798,1
5.59516,-0.62489,1
-5.22634,0.423513,1
1.31259,5.45285,1
3.84119,-3.88899,1
-2.97085,-1.72537,1
2.87832,-1.38279,1
4.27992,0.5280020000000001,1
-3.14147,5.09082,1
-2.33307,-4.71606,1
-3.91235,3.55955,1
1.74115,-3.0104,1
2.52108,-1.85687,1
0.762089,-0.657067,1
-1.05249,-4.92595,1
1.6461599999999998,4.13699,1
-0.110663,-3.28011,1
4.977530000000002,1.24891,1
-1.08269,-0.663358,1
4.11869,-2.90382,1
-1.75354,2.80707,1
-1.81504,2.35436,1
-5.31825,-1.16189,1
3.4440800000000005,-4.43152,1
-2.26007,0.224757,1
-1.93966,2.3839,1
-0.144501,-4.76087,1
3.83802,2.31486,1
-0.183081,-5.22898,1
-3.3351,-3.65596,1
5.44346,2.02847,1
2.89335,3.97744,1
-1.4034,0.197111,1
0.200864,4.77873,1
-1.95511,1.80238,1
-0.591097,2.52021,1
3.60823,-0.133665,1
4.22853,-1.25889,1
4.47811,-0.200611,1
0.05400930000000001,5.9034,1
-0.76197,4.24726,1
-4.78135,-2.8753900000000003,1
1.21284,-5.85911,1
0.10391,5.02589,1
-4.93845,1.47074,1
0.156959,5.28647,1
-3.11952,4.1111,1
4.49929,2.13369,1
-3.72883,-0.0298208,1
4.01804,-3.24901,1
2.70376,3.45919,1
2.57276,2.63598,1
-1.21606,1.87272,1
-1.34525,4.9093800000000005,1
1.38565,2.14375,1
3.00228,-4.87872,1
2.4103,-2.38844,1
-1.60887,4.12097,1
-4.25685,3.68889,1
-5.74593,-0.0954531,1
0.8155220000000001,-0.368841,1
0.352637,-0.546629,1
1.22413,-4.301069999999998,1
2.009,-0.70211,1
-2.2002200000000003,-3.22845,1
1.57101,1.01545,1
4.1794400000000005,-2.37595,1
-0.605749,4.19238,1
-4.84189,-2.9470400000000003,1
5.01049,1.12985,1
-0.397475,4.43754,1
-0.433248,-1.58469,1
-0.885416,0.7897890000000001,1
1.57307,2.2860400000000003,1
-1.56566,-0.581483,1
-0.548838,-3.09481,1
0.10211,-2.3147900000000003,1
1.87798,3.42029,1
-1.18105,-0.818334,1
-2.66085,4.87385,1
-3.87504,0.689329,1
-2.35596,-1.42433,1
3.91185,1.04976,1
-1.5822,4.59588,1
-3.61865,-4.01353,1
-3.04882,-4.23727,1
4.05057,-3.93002,1
-4.34984,-0.7229439999999999,1
4.21408,1.21484,1
0.784445,-5.09001,1
-0.8787860000000001,5.3665400000000005,1
0.936879,-0.5038560000000001,1
2.51042,2.17595,1
-1.21861,4.9335900000000015,1
-5.49761,0.111342,1
-0.7716270000000001,1.35024,1
-2.16013,-0.181661,1
4.93438,-2.51569,1
2.66737,-4.7654,1
0.6662020000000001,4.60677,1
-1.4459799999999998,-0.8367870000000001,1
0.29546300000000003,-1.1632,1
-2.72897,-2.88857,1
-1.77067,2.39744,1
-1.59532,1.46796,1
0.4103310000000001,-2.7399400000000003,1
3.09818,-2.60985,1
-2.34126,1.42893,1
-1.02726,-3.45041,1
0.789392,5.27169,1
1.91339,2.9269,1
5.0097,0.0286594,1
-0.937193,2.7412400000000003,1
2.71957,-0.981247,1
0.0042513,-4.01274,1
3.51956,2.05001,1
0.910957,-2.1692,1
0.162236,-2.72159,1
-3.57594,-0.34725900000000004,1
-2.56677,0.85169,1
-4.16063,-0.118926,1
3.4210800000000003,-1.40802,1
-3.75888,-2.8035,1
-2.53668,-4.43574,1
-2.42481,-5.44615,1
0.511813,-3.45781,1
-1.54544,2.92752,1
2.87265,0.108648,1
1.36467,1.3096,1
0.704553,-2.09612,1
-4.44396,-4.01734,1
-3.50739,-3.15086,1
-0.439511,2.59535,1
-5.59349,0.774005,1
-1.42729,-3.68445,1
-3.08418,-4.35636,1
-3.31426,4.50204,1
0.8247540000000001,4.83086,1
-4.9579900000000015,2.21971,1
-4.19401,-0.31272,1
-4.0597699999999985,-2.31529,1
2.62703,-1.96259,1
-0.794179,-2.47631,1
2.68122,1.82498,1
-1.83794,-1.18808,1
-1.3768200000000002,-0.136975,1
-0.196558,-5.22593,1
-0.883078,-2.16256,1
0.408471,3.92024,1
5.07684,1.2543799999999998,1
4.38015,-1.80814,1
0.762509,-3.67625,1
-2.21144,5.51635,1
-3.87502,-3.7137,1
-1.13229,-0.157612,1
-2.29529,0.546569,1
0.663881,1.36821,1
-2.88404,4.19951,1
-4.99671,1.07674,1
0.401615,-3.96258,1
-5.39383,2.3174,1
5.11227,1.20309,1
0.010551799999999998,3.32303,1
-0.144155,3.69398,1
2.64623,1.53608,1
3.15831,-4.32216,1
-0.19251,3.76128,1
-1.71497,-0.423602,1
0.0713343,5.56727,1
-4.14475,0.5840270000000001,1
3.68634,1.16349,1
0.803339,-2.71448,1
2.859,-1.75795,1
-3.09654,4.57375,1
-1.7745,-5.34597,1
4.9503,-1.01291,1
3.4430300000000003,3.36187,1
5.71443,-0.958674,1
-2.46863,2.14075,1
-4.15249,-2.46937,1
-5.3556,-2.60666,1
3.57513,4.42353,1
-4.33329,-1.11314,1
4.81925,3.20909,1
-4.69024,2.60945,1
-1.7267099999999995,1.01735,1
-0.642419,2.26166,1
4.79467,1.71862,1
-2.75184,-3.54407,1
0.916827,3.42005,1
1.50904,1.97076,1
-0.280674,-3.71424,1
-3.83303,0.0445711,1
-1.5157,1.14567,1
1.74498,2.9186,1
-2.09417,3.16193,1
-0.906263,-0.125462,1
-5.24541,0.918882,1
-3.30493,-3.07856,1
-0.228385,-0.0835899,1
4.6489400000000005,0.68609,1
5.10304,-2.20735,1
2.9108,-0.863382,1
-1.5449,-4.46955,1
4.6330300000000015,1.62097,1
-0.813383,5.45169,1
3.34787,-1.81039,1
5.44916,-0.494734,1
1.99877,-5.46429,1
-0.448945,5.622000000000001,1
1.72419,-1.19753,1
1.8939,3.35247,1
0.743644,4.73159,1
0.099146,-2.82418,1
2.35658,2.13731,1
-3.46478,0.893431,1
-2.34375,0.7944060000000001,1
-1.45691,1.9445,1
0.38426,-2.56497,1
4.0225,0.5779340000000001,1
-1.56838,-5.71886,1
-0.341981,3.01795,1
-4.77693,-2.33292,1
-0.473421,-2.73958,1
-4.45036,-0.660384,1
-1.73977,-0.602538,1
-2.17164,4.04562,1
-5.41514,-1.10269,1
3.19735,-4.355,1
-0.386408,2.79277,1
-0.880266,-0.0958425,1
-1.02639,-0.740884,1
1.6698,-0.59123,1
-0.714739,-5.67189,1
4.28152,-1.70225,1
0.0849675,-1.3324,1
-2.12894,-1.52313,1
-0.897486,-1.42916,1
-1.87983,4.2955,1
1.77716,5.70458,1
2.2255,-1.28314,1
5.877680000000002,0.126635,1
-1.7914,-1.73063,1
0.6541140000000001,4.15552,1
3.53751,3.4013,1
-2.37494,2.49752,1
-1.93261,2.99137,1
3.0186,1.86698,1
-1.83539,-2.75093,1
-4.6112,2.19146,1
0.156426,-1.07056,1
-2.5161,3.3550800000000005,1
5.29738,-1.40703,1
-3.72809,-1.31125,1
1.82266,3.63623,1
3.56201,-4.28469,1
-3.61371,0.975851,1
3.17611,-0.198918,1
-0.387272,-0.976714,1
-3.75322,0.08401139999999999,1
-3.5381400000000003,-4.01851,1
1.50033,3.6173,1
4.77332,1.57923,1
-2.35372,-3.86956,1
-5.81058,0.987361,1
-0.522084,5.02391,1
-0.54977,-4.94749,1
0.820269,5.26954,1
-2.44601,-5.32463,1
-2.93742,3.30645,1
-0.77536,-3.25348,1
-3.8011,1.38294,1
2.1813,2.0356400000000003,1
-5.83477,-0.68618,1
-3.68573,-4.29823,1
1.32543,3.03172,1
-0.704763,2.7703900000000004,1
1.28974,0.843173,1
1.36287,-4.03177,1
0.363794,1.19146,1
4.1327300000000005,1.3978700000000002,1
-0.669462,0.173532,1
3.00363,1.28337,1
4.02487,3.83586,1
-2.90746,-1.32867,1
4.15415,2.89331,1
-2.47444,4.8509400000000005,1
-4.262,0.464882,1
2.21905,-2.09622,1
0.195679,3.57301,1
-4.88077,3.46802,1
4.35963,0.389891,1
-2.80727,-1.7497,1
-3.16536,2.86486,1
1.58926,-3.71305,1
4.624219999999998,1.64736,1
-1.08223,0.486106,1
-0.00814533,2.08881,1
0.28131,0.605533,1
-1.93471,0.956274,1
-3.62974,-1.61382,1
-4.59469,-2.7402,1
4.0178,-1.15999,1
2.38275,4.04867,1
1.90795,-2.52157,1
4.99828,-3.0038400000000003,1
-0.811353,-0.0398801,1
1.14342,-1.1671200000000002,1
-1.18358,-3.20512,1
5.88783,0.583471,1
0.78355,3.60539,1
-1.3445,2.91987,1
2.81768,0.733849,1
-5.8257,-1.03173,1
-3.21033,3.55039,1
1.41363,3.87705,1
-4.4875,-0.179791,1
-3.51322,-3.01884,1
-0.272803,0.735996,1
0.402191,4.77878,1
1.1358,1.63678,1
0.414846,0.138935,1
-3.35682,1.25947,1
-1.95907,2.48183,1
1.44766,3.5456199999999995,1
2.66123,-3.4514400000000003,1
0.6592859999999999,5.44639,1
-4.198930000000002,-0.493444,1
-4.83202,2.97716,1
-3.56483,1.93961,1
-2.45709,-1.59838,1
0.389712,3.3666400000000003,1
-3.88838,0.449896,1
-1.82187,1.83209,1
3.03376,3.80325,1
-2.73733,-4.8418,1
3.3672699999999995,-4.16392,1
0.242111,1.40666,1
0.895008,-2.05135,1
-0.810719,-4.3685800000000015,1
-4.30414,2.23931,1
-0.295039,5.89879,1
-3.40716,1.60778,1
3.00425,2.93456,1
-2.11762,0.164098,1
-1.48684,-1.57848,1
-1.46722,3.04705,1
3.08458,3.44858,1
0.0515887,-3.02627,1
3.19586,-4.71496,1
-0.680238,-0.849245,1
0.255546,-5.14064,1
4.11661,3.5539400000000003,1
3.4795800000000003,0.200339,1
1.6376700000000002,-2.5714,1
0.526507,1.1974200000000002,1
-3.28519,-4.27738,1
-1.43632,2.76614,1
2.0542,-2.9563200000000003,1
-2.40869,-2.3386,1
4.31479,-3.82211,1
4.33922,-3.64133,1
-4.6645,1.48767,1
-0.328385,-0.488769,1
1.60039,-5.38145,1
-1.0348700000000002,0.22502,1
1.10939,-4.63157,1
2.84973,2.62281,1
5.84704,0.840758,1
0.8296680000000001,0.06908989999999998,1
0.331352,4.60495,1
-2.55828,-2.00702,1
1.4658,-0.630803,1
5.09698,-2.16718,1
-2.95751,-2.21266,1
-1.87503,-2.38092,1
3.3508400000000003,-4.63353,1
3.21997,0.7654989999999999,1
-0.849024,1.51084,1
0.0941116,2.69315,1
-1.30346,3.08288,1
-0.0499851,-3.4654300000000005,1
-2.56397,-4.6527699999999985,1
5.56347,0.231675,1
-1.82927,3.59626,1
-2.36637,1.07437,1
-2.43546,0.384488,1
-1.3095,-2.23416,1
3.86887,4.07906,1
-0.6972,-0.497889,1
-2.46618,4.2344,1
-3.4821699999999995,0.584082,1
2.66693,-0.6558970000000001,1
3.47741,-1.39479,1
-3.25096,-3.9252,1
2.32609,-0.5760529999999999,1
-4.15103,-4.17866,1
0.07254889999999999,4.1642800000000015,1
2.17137,3.11275,1
-4.8545300000000005,0.930353,1
3.55705,0.0672574,1
-1.86609,-0.904922,1
-0.217023,1.25913,1
-0.886804,2.1689700000000003,1
3.80845,-1.48017,1
-3.2753400000000004,1.23291,1
-1.45197,0.12626600000000002,1
-4.85114,1.02696,1
-3.08495,0.58175,1
1.3792,-0.685388,1
-1.5996,3.26991,1
-0.494659,-3.6692,1
1.31443,-4.458,1
1.31148,5.5453,1
-2.09078,-0.537412,1
-4.81347,0.283672,1
4.09014,1.08253,1
2.7925,1.92678,1
-4.81205,-2.55527,1
-0.446104,5.57624,1
-1.2940200000000002,4.92232,1
-3.11134,2.46786,1
0.922028,-5.12632,1
-0.74697,4.61896,1
-4.08507,-3.82495,1
-2.15154,0.806743,1
0.0799883,-0.051324,1
2.77663,0.309372,1
0.436825,-1.01823,1
-0.34718000000000004,2.09424,1
1.83923,5.239319999999998,1
-2.07526,-5.15029,1
-1.99523,-2.83448,1
-3.3272,-2.27312,1
-0.586298,-4.5869300000000015,1
0.985944,2.39457,1
5.18776,-1.28661,1
-0.804258,-3.63669,1
3.79696,1.50761,1
5.27285,1.07865,1
0.0586336,-3.36625,1
2.98773,-4.90078,1
-0.806172,-3.43269,1
0.771898,4.59693,1
-0.342247,-5.19159,1
2.74969,4.68208,1
-1.70577,2.99629,1
4.02031,3.41591,1
3.48367,-1.38414,1
-1.87868,2.40917,1
-2.65729,3.0914200000000003,1
3.47744,0.0341197,1
0.0686702,2.05685,1
-3.3368900000000004,0.463957,1
5.50392,-1.6942400000000002,1
1.09952,5.21652,1
4.466069999999998,2.19205,1
-2.82285,-0.173672,1
1.98273,-2.29095,1
-4.59491,-1.14937,1
2.9158,4.04261,1
-2.26327,5.47547,1
0.779606,3.12472,1
-0.387033,-2.1269400000000003,1
0.723327,-5.78512,1
5.86153,-0.944875,1
-0.716564,0.0780872,1
2.68766,3.61374,1
0.799569,2.29458,1
2.43087,-3.645480000000001,1
-1.54073,1.26607,1
-4.3947699999999985,-1.53561,1
-2.0613200000000003,-5.1786699999999986,1
2.90806,-0.942257,1
2.56198,-4.15572,1
1.15673,0.273988,1
3.55094,3.64701,1
-3.03438,-1.52473,1
5.78805,1.09753,1
-0.677612,5.69531,1
-5.01794,-0.483412,1
-3.54841,2.57395,1
1.90913,-3.3530900000000003,1
0.111176,-4.72271,1
1.22877,4.54826,1
4.55525,-2.00741,1
-1.64172,-5.17031,1
1.79737,-3.68793,1
-1.6548,5.5041,1
1.23461,-0.300151,1
4.52305,1.93763,1
-3.41116,-4.24334,1
4.6731099999999985,1.41162,1
-1.27457,-4.45291,1
-4.19294,-1.0812700000000002,1
-3.78037,-2.61427,1
3.85531,-3.2525,1
-5.5391,2.14308,1
2.9935,0.373109,1
-1.67098,-4.19188,1
-2.04359,-1.54682,1
-4.1551,-3.27071,1
-1.21221,4.29276,1
2.67501,-1.14526,1
1.24648,-0.499483,1
-5.4187699999999985,-0.905349,1
-0.988621,1.91459,1
0.03452,-4.83763,1
-1.88121,3.0864,1
3.96459,-0.790666,1
-5.52803,2.02225,1
-1.48813,0.8503620000000001,1
1.90789,-3.67068,1
-4.866219999999998,2.44187,1
-1.57984,0.704447,1
-5.5632,-1.30998,1
1.91403,1.37691,1
3.09176,2.69795,1
1.55609,5.7237800000000005,1
-1.5754,-4.41984,1
-3.44771,4.18922,1
-1.03915,-4.66234,1
-2.48009,-3.33961,1
-3.29262,-2.47168,1
4.40957,-0.974413,1
-0.0392877,1.57577,1
-5.2856,2.55442,1
-0.940847,2.73794,1
0.34184499999999995,0.341105,1
5.56604,-0.7668020000000001,1
0.876432,-2.89142,1
-5.04067,-0.327816,1
0.710923,3.3483,1
4.52951,3.91697,1
0.436174,2.84832,1
-0.937424,3.85216,1
-0.339125,1.81023,1
3.21043,3.11609,1
1.76826,-0.101479,1
-2.47507,-3.74187,1
4.84144,2.25228,1
-0.239166,-3.27091,1
4.54117,0.283064,1
-1.90221,-0.23764,1
4.6469,-1.5340200000000002,1
4.63206,3.15077,1
0.959582,-4.8796300000000015,1
-1.7431,-2.28495,1
5.60317,2.10914,1
2.49202,0.133026,1
-2.54799,-3.66321,1
-4.52621,-3.1114,1
-5.15581,2.80758,1
-1.75925,-2.86087,1
-5.93032,0.426983,1
0.467027,5.95794,1
-1.07545,0.010904700000000002,1
-0.623518,0.600067,1
3.53084,-3.09139,1
-3.93595,4.2359800000000005,1
-4.55926,1.15689,1
0.760318,-3.80915,1
0.155782,5.56439,1
3.02989,-2.7777700000000003,1
1.1872,2.34614,1
-2.42196,-4.8032900000000005,1
5.30495,-0.214604,1
1.39618,-1.93962,1
2.62004,3.07919,1
2.8322700000000003,-1.82059,1
1.75627,-3.71517,1
-5.47821,0.8368979999999999,1
5.55584,-0.270571,1
2.88607,-4.99913,1
0.187262,-2.31283,1
-3.13656,3.91637,1
4.53685,2.02021,1
-4.3479199999999985,-3.10378,1
1.68915,-2.23056,1
5.60757,-0.8633569999999999,1
-2.54996,2.67904,1
-3.20086,-2.42015,1
1.0754,4.919580000000002,1
0.346797,0.189485,1
-3.97977,-4.11762,1
4.85317,-3.13125,1
-1.2190299999999998,4.14221,1
-1.3635,1.86255,1
3.802130000000001,2.3098400000000003,1
-1.93677,5.41061,1
0.129148,4.09966,1
-3.94167,-0.30895900000000004,1
-0.110052,-1.63462,1
-1.71878,0.8071510000000001,1
2.81262,2.27901,1
-1.64901,-0.64715,1
0.58619,-0.677724,1
-0.310111,-5.54255,1
-0.286028,-5.3581699999999985,1
-4.40684,-2.96178,1
-4.00234,4.18309,1
-4.7649300000000006,-2.19597,1
-1.43797,-2.32328,1
-0.4310560000000001,-3.23163,1
-3.57887,-1.06357,1
1.6416099999999998,5.09066,1
-2.23799,4.6643,1
-2.4426,1.27765,1
-3.00648,3.1229400000000003,1
0.672866,-1.85072,1
3.9173,0.708287,1
-3.20106,0.343718,1
-4.13593,4.21378,1
-1.8877,-4.4509300000000005,1
-1.01297,4.01412,1
4.79213,-1.06808,1
-4.37434,3.3116,1
1.69152,2.53206,1
-0.146463,0.200296,1
-3.23973,-4.0389,1
4.51957,-3.22748,1
1.44235,3.86041,1
-1.35796,5.00076,1
5.87666,0.793495,1
1.70058,0.095636,1
-0.529227,3.8494,1
1.0820299999999998,4.7271800000000015,1
1.3248799999999998,-2.00171,1
0.517537,2.13045,1
-0.37798,1.24033,1
5.78492,-0.289125,1
-4.39578,2.36593,1
-0.4212,-3.8327,1
-5.33942,1.3118,1
3.03507,1.74415,1
1.99776,4.9325199999999985,1
-4.0518,3.9554,1
2.22675,-4.1610000000000005,1
-1.4136799999999998,-1.3090700000000002,1
-0.8840459999999999,-1.3117,1
1.85698,-1.12883,1
5.3212199999999985,-1.17527,1
-2.76728,-0.7270310000000001,1
-0.531183,-5.6967,1
-3.98867,-1.27928,1
-1.45779,-4.24169,1
0.284188,-5.719130000000002,1
0.8253659999999999,0.324216,1
0.4667689999999999,1.97211,1
3.51724,1.8225,1
0.809168,-2.5439700000000003,1
1.82642,0.0238019,1
2.95386,-3.67968,1
-4.30523,-3.25751,1
2.16773,2.72962,1
-3.04551,1.22754,1
-3.72202,-3.23985,1
-1.7308599999999998,1.12782,1
-0.108353,-4.26032,1
0.263536,2.47434,1
4.4406300000000005,-2.40675,1
-3.61491,1.11153,1
-4.27411,-1.34068,1
-4.94969,-1.79295,1
3.51499,3.25888,1
0.888444,-3.49384,1
-2.01789,3.5191800000000004,1
-4.35084,3.63677,1
2.66456,2.5246,1
-0.11931300000000003,-3.0197,1
-3.90152,-3.42551,1
2.61211,-4.29623,1
-4.5145,-0.270257,1
-1.3311,0.520076,1
2.06347,3.60452,1
4.4528300000000005,-0.503413,1
1.34551,-1.4856200000000002,1
2.87354,-3.68471,1
4.36777,-1.6069,1
5.90552,0.385362,1
-0.847259,2.42502,1
2.9005,-3.66974,1
-3.78012,4.11489,1
-0.297118,2.39944,1
-0.5284939999999999,1.55155,1
2.7434,-1.59786,1
0.574815,4.93463,1
-4.30995,-1.62663,1
2.25287,-3.74078,1
0.262893,4.30631,1
-3.24078,-4.66834,1
5.05143,1.34449,1
2.34262,-4.77991,1
1.81837,4.6706400000000015,1
-1.45129,-1.92495,1
0.6709430000000001,2.82022,1
3.81081,-0.26155900000000004,1
-1.9517,-5.07286,1
1.7103,-3.83184,1
1.56683,4.1757800000000005,1
-5.0978,-1.93736,1
5.55904,-0.8260709999999999,1
-4.6192199999999985,3.54489,1
-2.05974,-1.6908599999999998,1
2.70651,2.89131,1
2.7764900000000003,4.0060699999999985,1
-3.4288800000000004,-2.2118,1
5.05503,-2.6063,1
-1.45964,-1.6816400000000002,1
4.68945,3.31609,1
-3.70997,2.18487,1
1.7911099999999998,-3.61422,1
2.23372,-0.249123,1
2.95511,-2.18175,1
1.48899,-2.44756,1
1.6105200000000002,5.2648,1
-2.04915,-3.3857699999999995,1
-2.39796,1.32075,1
2.93765,-4.98027,1
1.0781,-4.12159,1
-3.18242,-2.41332,1
3.33045,0.311938,1
2.00368,-5.02409,1
-2.47427,3.83272,1
1.65793,2.25485,1
2.87688,-5.09765,1
-4.04657,-3.50461,1
-1.04148,-5.40658,1
0.7954640000000001,3.08965,1
-0.36712,-1.20116,1
1.59793,-3.93008,1
0.0316512,0.340925,1
3.68266,3.57036,1
-5.37838,1.3264,1
-0.442721,-2.94769,1
-5.93238,0.837255,1
-4.2954300000000005,1.17643,1
-1.27433,0.5872029999999999,1
-2.04452,0.177452,1
2.39717,-1.44313,1
-1.59144,0.388651,1
1.47324,-5.59997,1
-3.93141,4.0419800000000015,1
-2.71675,-0.568555,1
-2.56032,4.27968,1
2.29688,-2.05009,1
1.10485,-2.16309,1
-3.02901,1.44697,1
-4.92788,2.79961,1
-3.85402,-0.395332,1
3.7683,-1.85241,1
2.6357,-3.07987,1
-2.4172,-4.36913,1
-5.4328699999999985,-1.17113,1
-2.57997,1.28076,1
3.4130000000000003,-1.212,1
-0.05351659999999999,1.5524,1
3.5816800000000004,-1.7601099999999998,1
1.16446,3.78921,1
0.542131,3.3117400000000004,1
-0.93335,-4.48267,1
3.69531,4.65692,1
-5.7175,0.213986,1
-5.42848,2.39023,1
5.61575,0.996177,1
-3.1686400000000003,-2.91385,1
-2.54229,2.16347,1
-4.69841,0.144507,1
-0.161944,5.18756,1
0.778892,5.51468,1
-2.81395,1.36751,1
-5.25854,1.34559,1
-1.01197,0.700025,1
-0.443041,-5.62076,1
1.17177,-1.80335,1
-2.83782,-1.54842,1
-1.54945,-0.929075,1
-2.31111,4.94866,1
-4.8371900000000005,1.29022,1
-0.2148,5.88114,1
-2.4711,1.6997799999999998,1
0.571171,-4.96276,1
0.33926100000000003,-4.73511,1
-3.09871,-1.5997,1
-0.348787,4.3350300000000015,1
-3.12835,-0.100837,1
-1.79879,-4.70477,1
-3.58271,2.26011,1
2.78753,1.8082,1
-0.123948,1.96043,1
-2.43356,-3.21626,1
-2.26426,-1.62654,1
1.68409,-4.65078,1
-2.32776,-1.20612,1
-0.707737,5.38596,1
0.255072,5.46633,1
4.41593,0.6331680000000001,1
2.33431,-0.923543,1
-0.0126825,2.22721,1
5.74532,-0.664488,1
4.68088,-0.15797,1
0.398914,-5.58329,1
5.19272,1.42975,1
-1.91029,-5.62283,1
0.380863,1.28713,1
0.807041,2.32345,1
-3.75249,-0.0665096,1
0.88764,-0.598629,1
1.48741,-1.72917,1
-5.18795,1.48661,1
2.89114,0.0682493,1
2.89984,3.2225,1
-1.28555,-5.85122,1
-0.136755,-3.64248,1
3.86548,-4.168819999999998,1
1.70212,3.4982900000000003,1
-1.46117,0.432182,1
-0.07163539999999999,5.88435,1
-1.97298,4.76093,1
-2.43802,-2.96124,1
1.3193700000000002,-5.46283,1
0.234531,0.325357,1
1.7738,0.679348,1
-2.51425,2.75676,1
-1.92971,-2.38528,1
0.0455503,-5.10988,1
1.77882,1.1924,1
-0.651301,-0.751071,1
-2.39759,2.93498,1
3.20794,-0.6631060000000001,1
0.100242,-5.00478,1
1.87676,-4.02572,1
2.59484,3.6181,1
-5.94525,-0.438543,1
-3.86941,1.13159,1
-5.21796,1.4683,1
0.680483,-5.26657,1
3.74445,-0.8012779999999999,1
3.68771,2.5732,1
-1.66515,-2.1156900000000003,1
-1.91447,-2.04171,1
-2.2930900000000003,2.15351,1
-5.54001,-2.23498,1
1.27264,5.16443,1
-5.66241,1.42052,1
0.330163,0.030462,1
2.765,2.01163,1
-3.7737,1.69579,1
0.437841,-1.33696,1
0.0716784,-0.175124,1
-4.85655,1.48561,1
-4.76743,2.44821,1
-3.00677,0.25721,1
0.493022,4.6749,1
-1.74886,-4.3036,1
0.482778,-4.80716,1
3.76828,-0.197934,1
-3.51145,-3.53416,1
5.16567,-0.0373302,1
-1.93494,-3.50997,1
-4.10491,-2.2352,1
-0.617967,2.99141,1
-0.274249,-0.504965,1
-1.826,1.54123,1
-1.56149,4.43923,1
-4.82046,0.292674,1
-0.962716,3.56607,1
4.46605,2.18611,1
-0.297112,-0.382372,1
-0.576658,4.0791,1
-3.16883,2.0005900000000003,1
2.6953400000000003,3.33886,1
2.56822,1.2129,1
0.26351,2.11776,1
-2.21877,-1.98568,1
0.26957,2.1784,1
-3.1152,1.93497,1
-0.419888,-4.73696,1
0.132733,-1.87636,1
3.102,4.81358,1
-5.15196,0.0010433,1
5.02007,-1.34566,1
-5.03389,1.96246,1
1.53526,2.65802,1
-2.36922,-4.85502,1
0.8705069999999999,-1.23727,1
-0.957672,4.00938,1
0.673491,-0.345829,1
4.12851,2.12925,1
-0.541149,-1.58093,1
4.0703,1.85137,1
3.61195,-4.23111,1
-3.76659,2.94645,1
1.6407,-4.07036,1
2.03615,4.17622,1
-0.156172,0.667392,1
-2.43959,-2.45092,1
-5.36468,-2.65974,1
-2.06433,-5.1464,1
2.46231,-3.65906,1
-1.18914,-2.59598,1
-0.047413800000000006,3.78643,1
0.161553,4.04426,1
2.53113,-0.7508,1
-1.2964,-2.16433,1
-2.06122,-3.98886,1
-4.85202,1.85152,1
-2.48423,2.3329,1
-0.808562,-0.903561,1
-2.26625,-2.90328,1
-3.26236,4.73728,1
0.874775,-0.484355,1
-3.5878400000000004,3.90938,1
5.55085,-0.980426,1
-3.16201,3.70955,1
2.44023,-1.10064,1
-3.87056,-2.40965,1
5.79326,0.113586,1
-4.89699,1.96592,1
-2.58767,5.08225,1
-5.35161,0.0923975,1
-2.23731,4.66819,1
0.375412,5.10427,1
-1.84082,2.03556,1
-2.59045,3.16068,1
-0.664514,5.0940900000000005,1
-0.230448,-1.68177,1
2.87315,-0.324996,1
-0.7980010000000001,-2.94339,1
5.5165,2.24149,1
-0.8983530000000001,0.891757,1
-1.14449,0.14322200000000002,1
-1.82532,0.112369,1
3.60646,0.8540760000000001,1
5.38506,0.349518,1
-2.92066,3.00936,1
-2.9464900000000003,-2.7806,1
4.68602,-2.7463900000000003,1
1.59682,-0.364661,1
-3.8737,1.69758,1
-2.0519700000000003,-5.32683,1
-0.155828,-0.4583930000000001,1
-1.00527,-3.82997,1
-0.608218,-0.758851,1
4.05564,-1.82936,1
-3.69536,-0.773072,1
2.1958,2.61024,1
5.55098,-0.940295,1
2.06561,2.82485,1
2.60866,-2.89052,1
3.1378,3.8981,1
1.80283,-4.53661,1
4.92894,2.00833,1
2.47698,-0.378009,1
1.69958,-1.07415,1
-1.80787,2.22736,1
-1.05304,-0.294067,1
1.47249,-0.750903,1
-3.92724,-1.62028,1
0.8264229999999999,2.25663,1
-0.647237,-3.15611,1
2.02262,5.62983,1
0.937527,1.27251,1
-0.145385,3.43835,1
0.6620659999999999,-2.76028,1
4.80455,-1.7163400000000002,1
0.365971,2.42792,1
-4.23026,-1.69963,1
-2.18371,1.164,1
-5.33702,-0.727106,1
-1.80455,-5.07857,1
4.21206,-0.0138566,1
1.7486400000000002,5.41244,1
0.580387,-0.727758,1
4.1889,1.18519,1
-4.881469999999998,-1.62583,1
-5.31928,-0.0424763,1
2.8711,-3.4853300000000003,1
-4.53907,1.63845,1
1.32934,-1.27541,1
-3.95326,-0.00420993,1
-1.67921,2.3548,1
0.329295,-2.72602,1
2.29291,-5.41604,1
-2.57535,0.100511,1
1.24422,1.85797,1
-1.97435,3.0512,1
2.99657,-0.120192,1
0.604553,-5.62995,1
-3.02263,2.48873,1
0.6184890000000001,-0.223721,1
-4.8807800000000015,-3.24578,1
-1.6635400000000002,5.73954,1
-2.64008,2.97933,1
-0.799662,1.41078,1
3.77145,3.47194,1
-1.53172,2.65357,1
4.21862,2.69008,1
-1.53971,0.657363,1
2.86231,3.3031300000000003,1
1.6388,-4.7247,1
-1.96781,3.50993,1
-3.19109,-1.44862,1
-4.13236,3.41339,1
-0.75839,-5.33204,1
-2.25297,4.44082,1
-3.71131,-3.12681,1
-1.20212,5.68489,1
2.29591,4.3977900000000005,1
-0.156664,-3.0797,1
-1.08703,3.75682,1
2.88694,4.47393,1
3.97499,-3.3649400000000003,1
5.05791,-2.20048,1
-0.490588,0.960148,1
-1.60533,4.95987,1
1.52715,0.605799,1
1.02271,1.96998,1
1.44707,-1.50252,1
2.60612,-3.79139,1
4.485119999999998,3.03448,1
3.00038,2.41393,1
-0.295082,2.81898,1
-0.441839,-4.7969300000000015,1
-5.22375,-2.0684,1
5.50523,-0.139496,1
0.40314,4.32787,1
-1.14664,3.60054,1
-2.33048,0.756208,1
1.36837,4.31148,1
-1.74168,-4.1497199999999985,1
-1.09,4.59931,1
1.24013,4.03742,1
-2.18341,-1.44085,1
1.9089,-5.3190300000000015,1
4.51192,-2.05616,1
1.45974,5.47215,1
-4.6244,2.01132,1
3.4550300000000003,2.52398,1
-1.34143,-1.97342,1
-1.03811,2.6089,1
0.0754508,-5.21288,1
2.56524,-0.5932310000000001,1
3.43021,2.26958,1
-1.30283,-0.301635,1
4.96574,2.84311,1
5.0674199999999985,-2.66468,1
3.37042,1.04383,1
-1.29459,1.39055,1
2.21997,1.06572,1
0.324021,1.23069,1
1.56033,1.35425,1
5.1292,2.1099900000000003,1
0.6860890000000001,-0.309069,1
1.7786099999999998,-3.10827,1
-3.76601,-0.308273,1
5.2104599999999985,-0.910455,1
-0.560812,5.16166,1
0.144001,3.20138,1
-4.12777,-0.293759,1
-5.39421,-1.5524,1
4.39385,1.74393,1
-0.6316430000000001,-1.23078,1
3.66238,-1.9312,1
2.63996,-0.240041,1
-4.5002,1.5436,1
-1.7295200000000002,-1.6491,1
-0.496078,-2.1106,1
-0.173968,-4.62505,1
-2.19996,-4.85765,1
-0.412945,-5.7584300000000015,1
0.16603099999999998,-4.34011,1
-5.61186,-1.03368,1
-0.0511443,-5.02502,1
5.4999699999999985,0.901708,1
-0.200329,-0.4224810000000001,1
1.05026,-1.12734,1
-3.31304,0.411348,1
3.3046300000000004,1.62481,1
-3.38879,4.65263,1
-2.89947,-3.17092,1
0.844413,-0.546725,1
3.92267,0.553843,1
2.09694,5.50707,1
-4.83291,-1.86262,1
-2.5609900000000003,0.0309236,1
1.15455,3.73554,1
0.7358600000000001,-0.399274,1
1.04262,2.66606,1
-4.9581800000000005,-2.69567,1
-4.50553,-1.57773,1
-3.31164,0.00904364,1
0.572816,1.5966,1
-1.40599,2.79012,1
-1.7625,2.8291,1
5.02568,2.91041,1
2.35419,1.82385,1
2.39315,3.06011,1
-4.02301,2.43109,1
-2.83154,0.206181,1
5.36929,2.40405,1
3.71112,1.78344,1
-1.84817,4.73712,1
0.390872,-2.4422,1
0.6559560000000001,-5.4483,1
0.124118,-2.58631,1
-1.08216,-0.14766600000000002,1
-0.456384,5.70784,1
1.58073,3.11701,1
-1.62891,3.63385,1
4.53742,-0.67478,1
3.13857,2.1552,1
-3.28548,-1.86409,1
5.14544,-0.722252,1
5.72987,-1.23795,1
1.22483,-2.29366,1
0.053612900000000005,4.2480400000000005,1
2.9335400000000003,-0.134873,1
1.75632,1.33741,1
1.66695,-1.7664400000000002,1
-0.602928,-0.6608539999999999,1
3.71088,-2.83487,1
5.69246,-0.197019,1
-3.3894900000000003,0.94835,1
-0.194974,-4.19441,1
3.0825,-0.043511699999999986,1
0.210493,5.73634,1
-0.421793,-0.500711,1
-1.1509,-1.58318,1
2.16387,-3.89958,1
