learning_rate,max_depth,n_estimators,"('learning_rate', 'max_depth')","('learning_rate', 'n_estimators')","('max_depth', 'n_estimators')","('algorithm', 'max_depth', 'learning_rate')",dataset
0.06061805980239526,0.12168712317722565,0.021180878976373087,0.12860700255392735,0.048419337150301216,0.053285354947624215,0.03878406209683967,analcatdata_homerun.csv
0.04263220651648315,0.4552606901910402,0.036373627999993566,0.08930949679025517,0.03889707789451116,0.10368167764948044,0.06262717228713635,phpvtdNPU.csv
0.036647881128076036,0.4593926053666625,0.06188595974728307,0.0779275900030064,0.055282312604731015,0.07666248452376086,0.022101248737520143,phpZZfh5g.csv
0.34201205352987674,0.2151799447879421,0.011653736256774645,0.11015168083526496,0.01957729121141361,0.013790744386200132,0.04332968060431519,phpuZu33P.csv
0.02720712093038543,0.6555131238961541,0.023588716451575228,0.03872325365837579,0.00457333796585927,0.035124626905884734,0.030434302701763814,dataset_14_mfeat-fourier.csv
0.1960194066642149,0.3431275620331191,0.021419564430083426,0.05838157516228777,0.0164720184140164,0.014062062022201272,0.03190809301099684,phpoW7Dbi.csv
0.15175677788181238,0.6257117470158031,0.00568663501176331,0.06559301798861297,0.012923753916562652,0.01658384886646361,0.029622619355210093,phphQEck0.csv
0.421671514200758,0.05738095932674405,0.01739415936171539,0.0800846437387601,0.037351871375446336,0.01978504654662129,0.04652534171725213,phpkIxskf.csv
0.042861761325556365,0.7164692418072471,0.008350582726906013,0.02861566035570353,0.008771198747930184,0.02121683878068969,0.02509695136998862,dataset_186_satimage.csv
0.09019125184381664,0.6872018049446604,0.014706327608114881,0.04879843204238762,0.015863729637288583,0.01564886265209227,0.020620728132331984,phpGReJjU.csv
0.08592411232940875,0.17664410564620914,0.05438969402922147,0.16633774391289707,0.06964337667946938,0.10417979229563716,0.09732625895657386,shuttle.csv
0.4269859727938583,0.00879984416253919,0.1102578426197505,0.05855414535516036,0.09148747418532936,0.035201636420436985,0.03650405824968786,phpxijhaP.csv
0.09698061036718386,0.13063756432006024,0.06890144219296959,0.09871125612576108,0.17501318780156322,0.08503914601853392,0.025491661483972302,AP_Breast_Prostate.csv
0.06312166711095636,0.4325941830722851,0.038003065574921883,0.10838603665828016,0.06903898974817291,0.06783982335567579,0.024999797541528267,AP_Breast_Omentum.csv
0.5076723394054756,0.24830429728275505,0.04143350339156242,0.04146391065201269,0.028006268368376403,0.008888308664831306,0.015729766210485784,gina_agnostic.csv
0.061649135569650876,0.32970150896618344,0.06858374032277867,0.06697277237615687,0.12200923454436695,0.07117784294122066,0.02281544572064621,leukemia.csv
0.2627100829022819,0.279367414172294,0.08864391137511418,0.045404639731243326,0.0549272573102379,0.03817514546987345,0.025875780465846203,MagicTelescope.csv
0.08413485961495144,0.5109559746751658,0.045612772261871166,0.041147230856259605,0.015385658290470347,0.02158174508361256,0.0349738287781023,electricity-normalized.csv
0.07279774879047267,0.1907631008720201,0.04616042520324901,0.1319327962981193,0.0842897019078461,0.09145152392272386,0.053480334763546085,phpSF8oeR.csv
0.04203831919619492,0.4650317155290702,0.033450570730686136,0.10324823555790676,0.04627618901053078,0.08389477450804153,0.025727713417743443,php5J5AK6.csv
0.08016960909636225,0.3669480811107829,0.059183799698522326,0.11037324115441646,0.08116274552766273,0.08595359424796989,0.026682130042568586,dataset_48_tae.csv
0.030534197897591483,0.6933293266956166,0.014304066013486045,0.07859402958119317,0.0319354807683819,0.03584340245433778,0.012149804012920616,dataset_106_molecular-biology_promoters.csv
0.04952419230744666,0.27008866861545144,0.019907985395821542,0.07550599542348603,0.035608665252473234,0.04013137273751989,0.05723402849081982,phpXxoe1Q.csv
0.04210752090309692,0.13697062889321845,0.018058917486984,0.08351866251561024,0.028160786525747137,0.04292266057687278,0.08626482338395666,phpRql5hp.csv
0.20392394953514625,0.14141439491176105,0.03145931228956127,0.19918099938252232,0.10296541023243376,0.0456300138862618,0.03512799871622743,phpnYQXoc.csv
0.12257253059537307,0.4683180073419003,0.01383186199202795,0.0857160521740222,0.0237694934786207,0.033690584092705936,0.034845952510744335,phpgEDZOc.csv
0.01041226916527877,0.9052195533777648,0.007251210612755325,0.012120227446002609,0.003758304771780335,0.00990171578768723,0.007482937106046406,dataset_188_kropt.csv
0.008689787659205715,0.911828893713062,0.00872979147035941,0.01914328257521326,0.008322052308036567,0.013448058658812037,0.004143614798035546,phpPQrHPH.csv
0.03610755577235265,0.7077905330847861,0.024303005179331132,0.09314415348850033,0.020744078312587788,0.03520581526873258,0.013802958873587724,php4fATLZ.csv
0.2717920830399987,0.11060883314061007,0.032332137017115486,0.12019056432035385,0.04970133324450038,0.033030767481477916,0.05089323619370333,phpelnJ6y.csv
0.4896871430076515,0.04508919067051903,0.020041622768714944,0.183901985781292,0.05307267056339182,0.02456162189598592,0.03166096827304374,phpSj3fWL.csv
0.12112507392022588,0.02452626215262113,0.11992215493426113,0.05072043995703457,0.07323993915802654,0.041318368255911085,0.04896956046483508,profb.csv
0.1180031804340243,0.047431431282281736,0.04822796335008689,0.1303182163635768,0.13511469578090868,0.05690997858309343,0.06566786474237223,kc2.csv
0.2273866624543421,0.5007206224251102,0.05165790262957507,0.05385811029490277,0.04545200158365337,0.0355365836685,0.011147440680609851,kdd_JapaneseVowels.csv
0.10402410747759226,0.4118461614852618,0.049609366812341314,0.09521054006883664,0.046416495892625316,0.027927900895556544,0.032566133924577974,connect-4.csv
0.015318294812437487,0.4776987890871754,0.03252921043803825,0.06960146004342199,0.012184203216868007,0.06046783083836039,0.06035819395611599,dataset_12_mfeat-factors.csv
0.019904297229456358,0.6246440108247965,0.02097562077362595,0.04687443723685529,0.014459672475880253,0.04251974332116139,0.03497223329582627,phpBDgUyY.csv
0.0173601599291799,0.5505172429474641,0.035888699437309116,0.02663380675079556,0.017207959291219013,0.07864558379561806,0.021813728493514373,dataset_16_mfeat-karhunen.csv
0.04633685769083448,0.7456512264341788,0.016374649718260068,0.026334845307972074,0.012797003366585293,0.06335212612811253,0.01408528131819376,dataset_32_pendigits.csv
0.12364054029140613,0.5416744007380667,0.02513956118689354,0.07028251493418408,0.02321273452786229,0.0387500652049548,0.02221037093325156,phpV5QYya.csv
0.25114663685898864,0.19889805573372527,0.1020705619800156,0.10223502981004998,0.042052729814870266,0.04032893712118757,0.03262524541004613,mozilla4.csv
0.11202260705980803,0.3877333401594866,0.055166107115572224,0.07158971852889508,0.056507827134011965,0.04144590505841495,0.04061851158881941,dataset_46_splice.csv
0.28498376061834696,0.2628674294055441,0.015038676114586015,0.06294145008203629,0.17374781942218318,0.11456055522816895,0.010973804565983094,dataset_3_kr-vs-kp.csv
0.08962268064587578,0.6291101106632736,0.026003514664486027,0.054214750570595854,0.015811101751794367,0.04766899476018732,0.014078834447015128,dataset_22_mfeat-zernike.csv
0.10781539614135516,0.6396232663182284,0.011671699490510272,0.0946345719732194,0.014619141510539968,0.027985120865990767,0.02939799801387744,phpfrJpBS.csv
0.4071668214663245,0.033291884322158315,0.0972843012699677,0.045205655859664386,0.09050949667964654,0.02692349801757317,0.020356687068223085,phpWfYmlu.csv
0.2629203073615242,0.319942053928124,0.01368999340960466,0.08764489385873178,0.019835173734572886,0.012324332010129136,0.05603673344025645,churn.csv
0.24037561719366166,0.06863305035575977,0.027561257800266543,0.10154981706003792,0.04415234920089188,0.030572845857320393,0.0761798503627677,kc1.csv
0.13435318873379698,0.033824043891794164,0.03935334540969016,0.06524852693160943,0.08726872010850636,0.04481008867628308,0.06373667651517706,phpEZ030X.csv
0.20347121493856815,0.2284776222720525,0.0170536103413609,0.15930662676569818,0.03511244639275482,0.04023388077506283,0.06747225471119178,phpZrCzJR.csv
0.034522171524373264,0.5641286622821915,0.032385323071670094,0.10369472787142127,0.02666270837047396,0.048223142739688515,0.05941281855260595,dataset_42_soybean.csv
0.23428757373214976,0.1209077358017204,0.04170755597689319,0.09225481152007953,0.052106494951106766,0.03165491247702848,0.056399007772303326,dataset_31_credit-g.csv
0.19044107058222573,0.2258441441169797,0.024815048681311208,0.16633694990242515,0.0515699371344702,0.046026054950834505,0.05654500086299673,php9HX2u8.csv
0.12748236391148005,0.4877598263258124,0.0212348548906138,0.09677243205656708,0.03737552435630207,0.053616989379723035,0.030992226947167512,page-blocks.csv
0.07681655863333936,0.4337272019067365,0.007913571808334416,0.16855599524285114,0.0467265192040479,0.019350370620735947,0.04139110776928971,phpVeNa5j.csv
0.3462242644352385,0.08843672599368932,0.05111291180868978,0.08058938959636441,0.06039764344819683,0.04361306269873543,0.04075383104649749,phpGUrE90.csv
0.16086443202426393,0.25746316768188,0.09224162831931756,0.16597471406604847,0.15058403637675774,0.04427311411758271,0.021158077132153574,phpcSeK3V.csv
0.033439349205928656,0.813548515534447,0.02420935203087297,0.027052278479467232,0.014096945180280087,0.022540184577820817,0.006573413312772235,php0FyS2T.csv
0.07708678021287525,0.6585930397238462,0.03634426689342764,0.031338802943389726,0.018434582492800826,0.026982041008130325,0.014736112665830638,phpCsX3fx.csv
0.046558118189304616,0.6629035525352596,0.043943952512951065,0.03947149956312406,0.03642534913780439,0.07569820759582052,0.016107453940057883,phptd5jYj.csv
0.058007813418138626,0.4854587881645778,0.008465462584321199,0.07474237035122339,0.009687886840159627,0.03193463506346436,0.041350284314516365,phpNevWWL.csv
0.008710115596435176,0.8785266649272436,0.016016882062979618,0.015677761872662205,0.007193416222129176,0.01624187377947349,0.008424218584702391,dataset_6_letter.csv
0.16907495481213025,0.09822947032317028,0.029891470498337864,0.0929256850195257,0.059902574197502716,0.04785782987371661,0.06973761651274961,pc4.csv
0.1477090718453261,0.4071249674622109,0.02691410184555533,0.12888270010245598,0.041173365837053263,0.03906974614265537,0.04405475212139783,dataset_187_abalone.csv
0.021692679890336356,0.5966936383467312,0.045214632186304345,0.0328114361771788,0.02628944506210478,0.07602691222381189,0.024066564569368752,dataset_28_optdigits.csv
0.06365568507692017,0.7226429894468559,0.009463929848634865,0.07050206437440742,0.0200154446224124,0.023543448025028252,0.014318478426713785,phpAmSP4g.csv
0.026481052433409737,0.8263128018205552,0.007988304675310691,0.03370748850872282,0.014044407587954829,0.010857391926046627,0.014295601739021913,phpTJRsqa.csv
0.036186867591051865,0.6452575848778777,0.02027855641908527,0.05609766171022292,0.017049965658727698,0.027888686876954342,0.024050435017963997,dataset_36_segment.csv
0.035532868893549036,0.4552692879874449,0.04387276528162315,0.07829089854364904,0.05961170151144235,0.07654011771802002,0.02637096112347456,AP_Lung_Uterus.csv
0.1038753194789552,0.1777161552343368,0.0570693015507441,0.11883051531146015,0.14010540640578592,0.06717006065905777,0.0395673700093719,AP_Prostate_Lung.csv
0.09115623112898866,0.1735124192560675,0.059553496374372177,0.1630510278046582,0.10111839436678816,0.08282555682815229,0.03937082757266363,AP_Endometrium_Uterus.csv
0.04100195957424056,0.6745837083210511,0.027242445495428414,0.05534944460486768,0.047356941459715945,0.035132919999429836,0.0110125550835328,AP_Endometrium_Lung.csv
0.109227427622068,0.20605078616838465,0.041418905999069736,0.1991934742982028,0.06573445222408839,0.06470457013257283,0.06701252615829742,php9HX2u8 (2).csv
0.39218434944869707,0.17430914029529573,0.06003295142928732,0.12625279273840026,0.05617470858119508,0.057522429060062726,0.008073867872115491,phpn1jVwe.csv
0.2644447853260634,0.2212893133027311,0.024035040532487686,0.1362432231350703,0.06347400052915078,0.037398478526174415,0.045589190403712204,pc3.csv
0.1054879885145844,0.6852918627679067,0.020080347291265743,0.054756754823205606,0.014039859379496736,0.023227577791225747,0.010821710541699043,kin8nm.csv
0.039051555208183805,0.6441194078200321,0.01817624255602002,0.0472883805168693,0.01659967861065218,0.0735276615770527,0.0368401871431273,dataset_20_mfeat-pixel.csv
0.2232116568632065,0.34824361526475395,0.05355147675689172,0.06707641576802993,0.03628612284829117,0.022623859556899405,0.024902875057599524,php3isjYz.csv
0.025410549665866238,0.4344199245990287,0.005011193125283627,0.13183756654367995,0.0057495310237529315,0.021434529913377912,0.11055426543722928,synthetic_control.csv
0.3638257157780885,0.16143771592230147,0.03082363944006913,0.16341145196475812,0.12797392648174472,0.09772043243195616,0.005175431319825891,jungle_chess_2pcs_endgame_panther_lion.csv
0.03841389196942844,0.6933847123436622,0.013291551831827966,0.03158931985245144,0.010360101960257684,0.012690042603409958,0.020126646649875617,php5s7Ep8.csv
0.29243973602408396,0.03963380929787588,0.07180786883670877,0.21592396039915548,0.08793212345200703,0.09484782315644194,0.03066719817567704,php9xWOpn.csv
0.3664740746990965,0.038085568483548014,0.011494259658209143,0.28178168903331435,0.027102670900142064,0.036329873719556094,0.06771069324414987,dataset_24_mushroom.csv
0.03332750159052601,0.6336822015032063,0.008518572642497177,0.04425046596594473,0.017672710520275085,0.020848877713144413,0.029145884477429117,phpyM5ND4.csv
0.0704219074457895,0.7408031147926046,0.02314561260282304,0.04607347323798794,0.01706693307514498,0.027798054316942388,0.010192792893978626,php8Mz7BG.csv
0.3009948904083223,0.14711366958825495,0.016481394860149826,0.05338853327512763,0.025390750831723208,0.016053691816752258,0.04411244145498176,phpd0f4kM.csv
0.08844390925807588,0.6080556145296285,0.008869840943084878,0.0552598948660577,0.015054396952564062,0.013804583014209641,0.028899602382901374,jungle_chess_2pcs_raw_endgame_complete.csv
0.061466798189988174,0.6565801195893941,0.026734422980472426,0.03349658980413882,0.020946227978632062,0.028831901659955483,0.020457758967700745,phpoOxxNn.csv
0.4393925815646772,0.23040442360694546,0.049355971399046634,0.059012558952146514,0.031629148737106746,0.02130029067926881,0.03139362445503717,file7a97574fa9ae.csv
0.04333536066252936,0.7306508991327255,0.012823475703629395,0.06284310453836807,0.022273915260274568,0.036158934541896816,0.011366881800744391,mfeat-pixel.csv
0.30711357751555396,0.2262014531885769,0.07272257568143345,0.0697084739487904,0.04324451989231957,0.04231791623765847,0.03709019242391405,dataset_44_spambase.csv
0.09561372490605917,0.05533297109287787,0.06434792082660187,0.11610874035503466,0.09749140178192037,0.10600231768804573,0.06112464395618841,phpdo58hj.csv
0.056346046441136874,0.7534009267293579,0.009263611411265077,0.06306437172850918,0.01808700058050526,0.022974923091339614,0.014262496113849853,analcatdata_authorship.csv
0.056390592775052276,0.4066864441023992,0.04564135049001039,0.09549194110612913,0.04488128841726528,0.05343528772439717,0.06654889876056518,php5OMDBD.csv
0.2906796089666092,0.16944515433467122,0.04861028308581368,0.11077565916449937,0.05909697562736101,0.04094283186323771,0.04169383825190808,phpdReP6S.csv
0.08227789030706317,0.5943826856147266,0.002560848150370429,0.01586628278068234,0.004130009470861748,0.0061074656100891436,0.01984508835112306,php3CTpvq.csv
0.04686986604525978,0.7702319080542168,0.03722927352581052,0.023068158640018276,0.010271450714368259,0.02141940538988341,0.015098465510786285,phpYLeydd.csv
0.15104653061698278,0.22128850245275328,0.007039439279863419,0.04887064452063102,0.008587913135301987,0.016212996780908897,0.032773928437350726,dataset_183_adult.csv
0.06112155306222239,0.6546043221102442,0.04143150430903031,0.03641678090699417,0.011792041568206272,0.026860533201908003,0.022152673396890418,phplE7q6h.csv
0.045812132834619684,0.7703643320988133,0.021880706382149336,0.03973562974641635,0.013006379506962894,0.020177517091610503,0.01817495970044893,phpPbCMyg.csv
0.02556484115672297,0.4408888431809145,0.016752128047920582,0.058396325370066025,0.02051659004343119,0.07858490055849737,0.044429098210965516,phpmcGu2X.csv
0.2750985337541664,0.22336592067933125,0.04147215457773425,0.0976756123717384,0.021138510124164667,0.013638832494667677,0.05737480633758885,eye_movements.csv
0.09281888564850788,0.020744723354620027,0.14005029292462556,0.08283654420751749,0.19564368142340496,0.13891578791273385,0.02115619105296461,aaaData_for_UCI_named.csv
0.3670021636930479,0.02165738134672755,0.004628349044520436,0.08794552875143011,0.015958777165714616,0.0040777866408267475,0.03011204227358345,phpfLuQE4.csv
0.015793650176637457,0.8688690047415526,0.010979944445388336,0.01527592863564758,0.008450314512067205,0.020548558108535595,0.006797191101484266,avila-tr.csv
0.20562961954401748,0.1773952713514496,0.11941014878305545,0.10683104932899773,0.06545686423565121,0.033101719726276305,0.035975487787505186,dataset_60_waveform-5000.csv
0.3858005806840743,0.1603012695455446,0.060543850887109174,0.08851828079944944,0.08649502779339885,0.025395261875567843,0.036858455738054234,phpmPOD5A.csv
0.1346631166147162,0.023644024769635848,0.07180523888746321,0.12504418645890844,0.19699192673814206,0.0857277165216434,0.035309359201820836,tumors_C.csv
0.08930041945642922,0.027416599782429083,0.08588760894555457,0.09455258338480292,0.1931467786259245,0.11320066209289005,0.031713894284088134,AP_Endometrium_Prostate.csv
0.052138525372098295,0.4701588573926739,0.0227108909832688,0.1417918431151951,0.030064247720047538,0.07747618536759167,0.05752236682124856,phpSZJq5T.csv
0.322077035818128,0.14590769346785354,0.028925757203974837,0.12836848683672794,0.032413552453898264,0.02483411580737259,0.06365407257957514,hiva_agnostic.csv
0.3760282157559237,0.02617718214227334,0.13296024950480234,0.049521621135927466,0.08921670813147292,0.01912211019549005,0.031673280001486614,php1PI19i.csv
0.09105085545910796,0.3627130656302537,0.02701349964214146,0.12120257238566505,0.0574529491158923,0.06981524928173934,0.038479279254826526,dataset_53_heart-statlog.csv
0.022366915633688485,0.8326182656656687,0.008557792446525459,0.03602193985383376,0.007759318667050399,0.01725634759167371,0.014489237976320863,wine-quality-red.csv
0.17125798595961772,0.05057883713616591,0.08784583459322008,0.1037593744216982,0.12929393861801067,0.09227806532490562,0.0333241773201194,phpOJxGL9.csv
0.22263618603663216,0.16073477651025725,0.04426384383705373,0.15122583811846976,0.07512154436202848,0.0730527612336326,0.05013305472447992,openml_phpZNNasq.csv
0.11592413878582722,0.040929991644095415,0.058456810641705326,0.1416278109975532,0.1590830857505729,0.08499954378277609,0.04797613550691527,analcatdata_cyyoung9302.csv
0.2735803269462828,0.04924159737880238,0.0231061999869753,0.11223988544687223,0.049814627317495135,0.029006925492562875,0.061907605921574765,dataset_37_diabetes.csv
0.08887291841344969,0.2918173711324519,0.01111280417922157,0.04986644730897991,0.020515704560784147,0.026315516452119863,0.04849394852716607,analcatdata_reviewer.csv
0.2684836300833358,0.047855909794751406,0.05690572789061218,0.13992547358272614,0.07470030441603044,0.04291556803680727,0.0508538561406591,pc1.csv
0.1399533629033312,0.1533237237263349,0.03506411160076238,0.16747485967367778,0.08256124773865461,0.06620235151776567,0.054495430842519586,phpSRnbqC.csv
0.08687736139787655,0.4448701607869357,0.01891253916887313,0.07122083168886037,0.02209581705767932,0.03326649230428917,0.050743786812273435,dataset_59_ionosphere.csv
0.019818077913817643,0.5908146678396593,0.027409537581052155,0.07259329993201763,0.01902571529999336,0.038926688687373534,0.047838154950815996,dataset_7_audiology.csv
0.019735000380476604,0.7891396252630092,0.01685072927898083,0.05284128070879436,0.013507980552837594,0.03130901026813146,0.013808714445913242,phpflaNJC.csv
0.03530696184018785,0.7275699630596282,0.02003420200517455,0.04332874886923838,0.03001730825340094,0.02305199899458197,0.02003473556867969,phpSOw1Kl.csv
0.05160813340707228,0.4107089787263661,0.035231407465817204,0.09409181708958733,0.05450749495939732,0.0865717766378481,0.03447697304949805,phpajta2z.csv
0.09206655997282097,0.3821764855779756,0.018319913784802702,0.15379409473964326,0.039437423058337535,0.0514294418376202,0.0649626979095804,phpvz1IQW.csv
0.1690330366149751,0.04754439455752027,0.048674313144509,0.0904367993349658,0.1283814136798734,0.04883746868606036,0.06356781814587932,phpysQLwp.csv
0.057464879439827275,0.4031690137978082,0.021389298369626795,0.11445347793991074,0.05858992476257095,0.06107282116751224,0.045331045662247584,phpy0HwUD.csv
0.2853031536671872,0.020279656661861985,0.0357915851372358,0.12178296254650345,0.2126746513885361,0.011567441209508892,0.03788692495663548,mfeat-morphological.csv
0.0728395964068215,0.5299420591352749,0.02101934933325781,0.09073971193845994,0.031957922637150804,0.053706561808111855,0.02878786910488384,phpBG0Qsi.csv
0.05430147229920811,0.3311751735757584,0.03504263481453597,0.08697744072843222,0.05102306294023419,0.061110159654575974,0.04886479638576796,analcatdata_dmft.csv
0.07356570954778102,0.2634179847007354,0.033665243730552435,0.18001229379096526,0.06552061994602959,0.0663634907825632,0.05282398087457524,phpTXWrKb.csv
0.027744540262503867,0.4466279225390335,0.02711367745822321,0.09931802542745456,0.02623462473091058,0.046025873010392224,0.0494326527949354,dataset_113_primary-tumor.csv
0.0910687592185956,0.6139813887090189,0.009839511214863645,0.11024847651926796,0.022920144602898228,0.028741855967738882,0.01750592895211036,vowel.csv
0.16141201420420026,0.6559002150272321,0.0066625879810954395,0.06752596751179891,0.023832015028282413,0.02306466345017445,0.010672132243159488,php50jXam.csv
0.3649105568913588,0.1468353864443328,0.015083072746909771,0.13699337605496953,0.10205211657980237,0.03603145270728424,0.02185236692631365,phptbYBGx.csv
0.05149700106467496,0.6512098276637055,0.01656209341061387,0.0898125841933252,0.031005667639557862,0.03775621338407044,0.015778611756501637,php4ylQmK.csv
0.04077649360941421,0.7256011339139358,0.014104812816736019,0.07157374684608404,0.016450850538588836,0.03651520074366359,0.013039186752464129,dataset_40_sonar.csv
0.3820255577607833,0.1466958758928134,0.04391111767182318,0.09912786313085324,0.08666352761104895,0.05807575026763631,0.023073125631083928,fri_c2_1000_5.csv
0.12509021400420653,0.12405334618294388,0.033058530568068206,0.1744200781155802,0.06362286929887599,0.07651457886658157,0.06816222104312786,phpgNaXZe.csv
0.025524435025481063,0.7380805148959241,0.007606666412056264,0.02839385578526658,0.004480152777807351,0.013508811341812409,0.021713516007514425,dataset_185_yeast.csv
0.22406086082474155,0.0681428110348617,0.05750369835221299,0.20495738593566948,0.14898530595266207,0.07012343351275463,0.030339145846703462,dataset_61_iris.csv
0.027913309397196936,0.6922025306793174,0.01534675033701511,0.05422128871048544,0.01428617060230153,0.022683338518139667,0.034097434631033034,dataset_41_glass.csv
0.3806341625690908,0.1722655959076808,0.02622292100780312,0.11813166878495585,0.050200489130201975,0.0255410692457569,0.0361358304951038,fri_c3_500_10.csv
0.04257624011565103,0.10547859204886036,0.03155787036854199,0.08588926825528731,0.04718405454753325,0.050065398761430714,0.062292741036294,solar-flare_1.csv
0.18345618481277096,0.15186638824969514,0.01986438376947039,0.06716763960972026,0.042395132036673513,0.0367416523101433,0.054125494001930924,phpVDlhKL.csv
0.08768676813606778,0.5251371304714579,0.01623499959827621,0.09758545243669096,0.029626872734889568,0.04384856964275748,0.031589254914515884,phpXeun7q.csv
0.09353526156639136,0.11114806285202568,0.04784868643670364,0.1165793498599834,0.07201099349747375,0.08303441824765684,0.06932133328338927,audiology.csv
0.07160304072881199,0.4328713970152056,0.0195568672035844,0.1090361254617526,0.04049303890234132,0.03864016705385117,0.04839077438995987,dataset_39_ecoli.csv
0.017231702839452818,0.8395443044098853,0.011696829184181728,0.02544355773143297,0.0104110950911476,0.01957353326535957,0.010361721452434452,phpd8EoD9.csv
0.4659836892517518,0.14225802159401685,0.01662240078842924,0.14063926447436434,0.05721767361542699,0.051398033597002485,0.014951418554246271,php7KLval.csv
0.09285325501938453,0.32783351321629906,0.014972385599748997,0.06297357604854789,0.02027613666273384,0.023320782461677764,0.06172978210475029,php0iVrYT.csv
0.4197078387530096,0.11229313174225793,0.029095285223923857,0.08312535325217832,0.05331472108721988,0.020804241840296885,0.04135018822242556,fri_c2_1000_10.csv
0.02221794386552578,0.7373596176097599,0.0193718281708896,0.022582752185321128,0.01208373736439507,0.01385263811262143,0.01563275539282471,dataset_54_vehicle.csv
0.00953281215373845,0.8849778799946775,0.005712000944455446,0.03287485812135663,0.008354697920361028,0.017919855103534273,0.005306952611417565,dataset_11_balance-scale.csv
0.2298411950381492,0.2714575886483008,0.034536506331763084,0.12877672641247762,0.06549292004378647,0.06197522271738416,0.04165286550957239,arsenic-male-bladder.csv
0.2047744374519216,0.1961125922568853,0.02065373805934668,0.07377834369262172,0.027592693843685002,0.023487573970490498,0.06466405477380463,dataset_23_cmc.csv
0.046363276798385616,0.110350876273032,0.03549325206656337,0.08794381393939964,0.05362052109221418,0.060933453311393534,0.07103175338189015,dataset_56_vote.csv
0.21149598956438026,0.21853693341148164,0.07050860734345776,0.23739827646079345,0.08049785072024447,0.06061871040925285,0.014179031919780337,dataset_50_tic-tac-toe.csv
0.02801579784639107,0.12935404010335266,0.027522315430876212,0.06529535816921485,0.03807510046331004,0.0477940573005733,0.016129806996334182,phpH2fvsy.csv
0.31957117944999863,0.1364110699890983,0.056158224675187336,0.0698249504520299,0.03147586073136672,0.012687174205587506,0.06070763039542518,phpAz9Len.csv
0.13716903461836896,0.12637895773317592,0.011625475876438566,0.1159984405682092,0.039954422409834066,0.03036260227327088,0.04563120621151552,phplVyjYQ.csv
0.5738953106084053,0.03134978062120309,0.04000563388893152,0.03793097354409526,0.06261770554173346,0.009797318287883137,0.01937152601636687,arrhythmia.csv
0.08624226056585671,0.050573739419032634,0.010661050419153065,0.061328332290943324,0.030502838376415813,0.016594678014217615,0.04057165667693436,braziltourism.csv
0.0836589811179583,0.542185451470376,0.006040420171657233,0.08519417901322117,0.015766494347175114,0.017749198144161156,0.024697724014705557,biomed.csv
0.06844448810898901,0.2657396983113229,0.011371760411741564,0.11348468912697753,0.03863703416806945,0.03664744058838599,0.032851112671921284,phpjuWdq9.csv
0.3783902604825719,0.046041529514526634,0.013861313927794584,0.11747161041458863,0.16637408856309147,0.004922469695580172,0.03372875993993665,dataset_57_hypothyroid.csv
0.6313852231510843,0.0029577716622023985,0.0040800865066175345,0.04781207861441103,0.08294154516905236,0.0051371185716822644,0.01423903540018631,irish.csv
0.08365089197879044,0.308008504347748,0.010664221002030213,0.10990250399486023,0.027800413144033077,0.02891840285605352,0.03394571218576553,bridges.csv
0.021751848437181438,0.3324352421757212,0.0061851687220766385,0.14013452026088702,0.02024045762551569,0.02016521655154918,0.06097852486602162,analcatdata_broadwaymult.csv
0.25926862959280617,0.12342692736400113,0.01666560899070333,0.1404278012484209,0.03661657253936923,0.015758248993236558,0.0554110016465551,dataset_29_credit-a.csv
0.14009820617482596,0.5983716252324935,0.008528142410692576,0.07362189556520225,0.01917168604108213,0.01864614400814357,0.02525066494069194,dataset_38_sick.csv
0.02390691890521077,0.10508774656798768,0.01825445794696139,0.030055658223394118,0.037119439572526884,0.0206479638773985,0.01329581143847103,lymphoma_2classes.csv
0.16380786669447922,0.018598292710088685,0.027789469205839225,0.07261730592784743,0.06412592923741225,0.02032142254581489,0.03646004682590591,pbc.csv
0.018357464941932203,0.14334850309856925,0.010511723236556044,0.0805213107858089,0.011566079510529572,0.013219421480943886,0.02260294601929378,analcatdata_marketing.csv
0.04179945376887402,0.4156233122926152,0.0073057622170687965,0.23036383408911226,0.0208805747003306,0.02641828024901396,0.07218892655599082,dataset_35_dermatology.csv
0.0383282310284588,0.3156411713762343,0.012319711370255346,0.17218149170811986,0.02603954830384731,0.04226157400660729,0.036239384128734765,heart-c.csv
0.0895790059889614,0.2899162765701867,0.02034103492177406,0.07274149754365176,0.053549885897261236,0.04115851559615713,0.03803970753314847,dataset_189_baseball.csv
0.2254862388272356,0.052356731260412216,0.01825943383153946,0.036671865040862665,0.03379275803213325,0.013374648572913362,0.01849288495038458,dataset_25_colic.ORIG.csv
0.012218082647282864,0.7054504629568382,0.00998152920845195,0.060830380459085676,0.008563619919489418,0.025711334176584805,0.02217069143424211,dataset_9_autos.csv
0.08485289408850864,0.4536188244780407,0.008557497373112729,0.12163211488310198,0.019304835501667623,0.026816069471484832,0.029245504035329974,colleges_aaup.csv
0.07224042238225224,0.5415445818935851,0.009181935745391423,0.02892997792457308,0.008443004128775324,0.008584068699724483,0.034169834248816415,dataset_194_eucalyptus.csv
0.04261954887303827,0.054383182716873035,0.02386322714349216,0.1199868255148114,0.060599158025936135,0.04849693411823492,0.05896970928614561,phpu00N5N.csv
0.0338525655633648,0.7261982899671809,0.004291424584573797,0.039630020222429715,0.010050256982998105,0.0075275167117013,0.01973447863269228,phpFsFYVN.csv
0.05822778300403155,0.6372673894517982,0.003949070990251022,0.06892513870033645,0.0105481736635786,0.018223844745625502,0.014216738148127385,openml_phpJNxH0q.csv
0.12481674211080948,0.14749658705273924,0.01202894888555338,0.14754739578568415,0.03146087267854921,0.029759147349624693,0.053560343158688135,dataset_51_heart-h.csv
0.3878730855135433,0.06974891837110613,0.0035868139619771983,0.04470975236736262,0.014181891092791209,0.0046376833520995284,0.033189760369129004,jm1.csv
0.07464436921124971,0.021675247154847716,0.02600224481298284,0.08189647264235475,0.09099128942511298,0.03643337386252792,0.023128721090796514,dataset_105_lung-cancer.csv
0.03277373353953161,0.5213887174886892,0.007735693524977174,0.1015549201415694,0.018902832496534117,0.034573545716748484,0.051749855839352786,dataset_190_braziltourism.csv
0.0931937779846444,0.3418370267034652,0.030541667869667458,0.0658347077280882,0.028113359317609856,0.04331979918931009,0.07284795818434578,cars.csv
0.034688645549940535,0.09605372884596372,0.02634025553300994,0.0624758131486245,0.04596192074399656,0.04827514172519316,0.017970642442557597,dataset_4_labor.csv
0.0069231222736329005,0.5638896015613761,0.024225313562925517,0.04542214593767766,0.012800198771404163,0.03503358987561424,0.026937899524464348,dataset_5_arrhythmia.csv
0.0749185444918673,0.0208808002549041,0.038067820357735135,0.048294597873202096,0.08316755502552843,0.03456650880947236,0.024886755130165337,schizo.csv
0.13866276985134735,0.30263353831425643,0.013767718310458229,0.07980701013173258,0.042064479186669626,0.033502391431336306,0.027341845048430256,autoMpg.csv
0.07026900010393075,0.5821952034516421,0.0048993400241263635,0.0765826184338805,0.011076460017107916,0.01886647928489989,0.01656383620543371,dataset_55_hepatitis.csv
0.03517943097073187,0.10104428621388192,0.019417373143569925,0.08962215668449255,0.03507636695428521,0.05875497142003953,0.04565345984492983,autoHorse.csv
0.10402854762587824,0.3914350083068367,0.008184150405134025,0.11039329997957248,0.022474409476519287,0.022394154950539254,0.04601360597285743,autos.csv
