,datasets,RF_mean,RF_max,RF_min,RF_std,GB_mean,GB_max,GB_min,GB_std,DT_mean,DT_max,DT_min,DT_std,SVM_mean,SVM_max,SVM_min,SVM_std,ET_mean,ET_max,ET_min,ET_std,AB_mean,AB_max,AB_min,AB_std
0,phpkIxskf.csv,0.7026248040220184,0.7291632931730759,0.5770547505775521,0.028839695413616043,0.7129631409999999,0.7386185000000001,0.5115362,0.02660679069812077,0.6954886253711534,0.7129514884177092,0.635833382269034,0.013048873839679858,0.5425754849746667,0.69845591399186,0.501448207550325,0.03356518117333621,0.665859314534,0.725358209,0.571867043,0.04174452492559052,0.6969646709159999,0.7396895659999999,0.5,0.02854904781110111
1,dataset_186_satimage.csv,0.9405346972123666,0.953254979153951,0.9241392761043009,0.005277484281571869,0.9344345267999999,0.9563362,0.597729,0.03931104396473128,0.9119259915945666,0.9213291139767641,0.9008950733009821,0.0032110688627393193,0.6934926776,0.9536242,0.5688936,0.09425066601239175,0.9377347013380001,0.954838271,0.917792933,0.006477263203131536,0.91934819138,0.9561443759999999,0.6757389229999999,0.04042878324197319
2,phpGReJjU.csv,0.9984760710878595,1.0,0.992149186128241,0.0017786804306495882,0.7485949643229652,1.0,0.505051757490646,0.2169175681272167,0.9388355098182004,0.9982638975533399,0.838600996993737,0.0412277069035193,0.7593000806,1.0,0.5234498,0.23411495311451,0.99996454769,1.0,0.999724211,5.2583057733783935e-05,0.9388296660819999,1.0,0.489894138,0.13181451958305673
3,leukemia.csv,0.9083883333333334,1.0,0.7325,0.05456920748135909,0.9397933314,1.0,0.8216667,0.028799435904906127,0.8449966666666666,0.97,0.679166666666667,0.038094467799851324,0.6679933348,0.9116666999999999,0.5,0.16370312422554606,0.9410883333,0.9833333329999999,0.5,0.05207234259146524,0.819608333334,0.9833333329999999,0.7025,0.050714124120000516
4,phplE7q6h.csv,0.9019977051581541,0.940335807319732,0.8405130735573679,0.01723440981801281,0.8967684566,0.9600804000000001,0.5596679,0.0718721739416931,0.8064240845677407,0.8465152370987611,0.7236045860740531,0.02285057903339381,0.677248857,0.9072674999999999,0.4711782,0.1783935264659227,0.6342188410899999,0.949953484,0.5,0.14200847253758084,0.8901854816820001,0.9677534609999999,0.680904576,0.07583927486249843
5,gina_agnostic.csv,0.9275828005715707,0.9499312403035441,0.890051186817008,0.010250702626062591,0.9320860608,0.9613866,0.8320382,0.02755166218812652,0.8656814081499521,0.880690925296943,0.8438167819773,0.006675703856592866,0.5805786539073635,0.650445527121453,0.5,0.0687071075359411,0.931634035992,0.955668392,0.9093061029999999,0.010403338505871933,0.9174537566200001,0.9632147120000001,0.745510563,0.0360668389793098
6,eye_movements.csv,0.754278504998547,0.818463600568712,0.6960483153774201,0.021725049373010095,0.7723388139999999,0.8376688,0.6226696999999999,0.04797504815515022,0.666835678438032,0.6972844485076191,0.607507931969473,0.016553222423635338,0.5556011399999999,0.7051706999999999,0.5145837000000001,0.028869365749490856,0.7421164556519999,0.840342555,0.599831685,0.0414980303069678,0.7152907123240001,0.8065979959999999,0.626098397,0.036803169201531205
7,aaaData_for_UCI_named.csv,0.9997881440620726,1.0,0.9996453870001211,6.458706252481415e-05,0.9997808053999998,1.0,0.9993690999999999,6.856187345621023e-05,0.9830066566791943,1.0,0.844621919326625,0.03245466458584376,0.7018984754,0.9961815,0.5,0.1717234748102593,0.9801484257019999,1.0,0.762352569,0.042035383815931,0.9997869355340001,0.99992163,0.9995670170000001,5.8154304205441456e-05
8,phpfLuQE4.csv,0.8365792307692309,0.875,0.7638461538461541,0.01730584562712159,0.7613646156,0.8580769,0.58,0.06724878954621458,0.7459915384615384,0.8011538461538459,0.648461538461538,0.028479676859951644,0.5125461542,0.5642308000000001,0.4992308,0.012841230486603013,0.80509307695,0.8711538459999999,0.667692308,0.04332185440817034,0.654666153862,0.8557692309999999,0.5373076920000001,0.08217274207081345
9,avila-tr.csv,0.9833029803621383,0.999163676242455,0.889222697706866,0.02375052611703663,0.7407855769651428,0.9995555395010608,0.468245742083202,0.21058712761564294,0.9368387414146988,0.9958183703662221,0.814026360375227,0.04862688605744216,0.7491389146,0.926393,0.6153014,0.1241826900936024,0.8997334839860001,0.999634273,0.6786144009999999,0.1178213168474876,0.90295859343,0.999764965,0.604559771,0.10233708469063156
10,dataset_60_waveform-5000.csv,0.8782573216545647,0.8937886165369359,0.8399505901728791,0.009817363806055976,0.8895779838000001,0.8992065999999999,0.8627534,0.0037921553068750334,0.8128382534087379,0.830802359030153,0.7739364665968621,0.009900906235156237,0.6526258246000001,0.8923072,0.5038002,0.1409613533195564,0.8920692160000001,0.898900625,0.882095135,0.0025326675481999275,0.878735133456,0.8965191840000001,0.8313822809999999,0.010145537416985172
11,phpmPOD5A.csv,0.563217498549216,0.6984425282280641,0.5,0.04939539458338243,0.5990936243999999,0.7014294,0.5,0.06198085359038766,0.6030578423527743,0.7167855223324371,0.516004780387488,0.04772538208058769,0.49419978181570906,0.505910835987405,0.486881638215473,0.004411321506833562,0.518060762908,0.6828473759999999,0.499967606,0.0380870406896989,0.595375794092,0.685645123,0.49996761700000003,0.06250586394702412
12,AP_Endometrium_Prostate.csv,0.9845571428571429,0.992857142857143,0.9714285714285721,0.0038221204801826975,0.9844119031999999,1.0,0.9523809999999999,0.006838252120265111,0.9764380952380952,1.0,0.9273809523809521,0.011818127366670726,0.7207595238,0.9833333000000001,0.5,0.22477221895578722,0.9831809526500003,0.9928571429999999,0.976190476,0.004389420808703183,0.9752428571840001,0.9928571429999999,0.9369047620000001,0.009839630704101753
13,MagicTelescope.csv,0.8442197436509311,0.8581832848836459,0.8253601139462471,0.005641359237777993,0.8444897066000001,0.8643723,0.6150364,0.024706221065334835,0.8051661229475147,0.824358485346072,0.7595375995301321,0.01364447179662809,0.6747360051999999,0.8446836999999999,0.5177712999999999,0.12057844789748784,0.798946410226,0.852862111,0.5679923960000001,0.070442350003232,0.83659600021,0.860081002,0.667456568,0.016913814180812597
14,phpmcGu2X.csv,0.8952614583333334,0.9484375,0.828125,0.025207931765124664,0.8505927066,0.965625,0.4494792,0.14522361109691684,0.8614979166666668,0.9328125,0.728125,0.03674866144964806,0.6626135428,0.9182292,0.521875,0.13388961346964068,0.908291666654,0.9546875,0.8432291670000001,0.020867524741681496,0.911844791658,0.941145833,0.665625,0.026453487632908876
15,AP_Endometrium_Uterus.csv,0.7712401098901099,0.856456043956044,0.640888278388278,0.046814661041006164,0.7586468852,0.8454212,0.630815,0.034240925764825424,0.6981654761904763,0.8082417582417579,0.5658424908424909,0.04510110065009058,0.569155768,0.7151099,0.5,0.07406255192664556,0.6768017399240001,0.80782967,0.5762362639999999,0.047127310420430175,0.727893864458,0.83228022,0.598855311,0.03935255087039186
16,AP_Prostate_Lung.csv,0.9777400183150184,0.9857142857142859,0.941437728937729,0.009334253049141981,0.9788927632,0.9857143,0.9515568000000001,0.005554975968638409,0.9608979853479854,0.9857142857142859,0.9165293040293041,0.01092122474714803,0.7197184067999999,0.9693681000000001,0.5,0.2123982748057675,0.9771756411020001,0.985714286,0.969047619,0.004752383878844796,0.953298626398,0.985714286,0.914102564,0.011831744825266634
17,phpuZu33P.csv,0.8933994119867069,0.941233742811183,0.773223886843885,0.03418333002188924,0.9497894212000001,0.9709831,0.7029863000000001,0.024148625221501276,0.8496574531765536,0.932254995951726,0.71223404509026,0.04860170280142601,0.5674010472,0.6859379,0.5,0.06657180647162314,0.9368110396179999,0.9663583509999999,0.81058257,0.02446456325833008,0.910729926086,0.970756988,0.5,0.06472689917114488
18,kdd_JapaneseVowels.csv,0.9594389312388789,0.976464792964808,0.912810613784422,0.009558354341061063,0.9712485075999999,0.9854825999999999,0.8016859000000001,0.01897177302406012,0.9278811701642187,0.95655575620914,0.8526846231242441,0.01909817497415371,0.6512226232,0.997654,0.5030979,0.1306883223623856,0.921036462368,0.984784455,0.5,0.10206451197339339,0.9816309594239999,0.993268853,0.901632661,0.011823293887559734
19,dataset_12_mfeat-factors.csv,0.9684766666666665,0.983333333333333,0.931666666666667,0.009833538009234718,0.8971338882,0.985,0.48444440000000005,0.14113074190602642,0.9196688888888889,0.9380555555555551,0.8922222222222221,0.009069447347135556,0.5804044432000001,0.9825,0.5047222,0.0671488372532375,0.977756666676,0.9852777779999999,0.968888889,0.0037666294084394776,0.965234999992,0.9894444440000001,0.558333333,0.05676722146735047
20,phpBDgUyY.csv,0.9782135999999999,0.9894,0.9555,0.0064126733738433285,0.9122591999999999,0.9942,0.5084,0.13770218370874265,0.9442737999999999,0.9651,0.9132,0.009385513800458515,0.7311120000000001,0.9991,0.5359,0.15273821322628833,0.9815726,0.9925,0.9599,0.006015330218306433,0.9594113999999999,0.9952,0.5613,0.07966996936158663
21,dataset_16_mfeat-karhunen.csv,0.9547749999999999,0.9808333333333342,0.899444444444444,0.015731909358219092,0.881056111,0.9794444,0.4888889,0.14596681217197283,0.8641994444444444,0.9038888888888891,0.782222222222222,0.021161079070108064,0.621485555,0.9872221999999999,0.5058332999999999,0.09418633503020638,0.9724094444160001,0.982777778,0.9561111109999999,0.005208098420879416,0.958607777794,0.9852777779999999,0.630833333,0.04878036656689947
22,dataset_14_mfeat-fourier.csv,0.8969283333333333,0.919166666666667,0.8686111111111109,0.008730986931410303,0.8203738884,0.9138889000000001,0.4905556,0.13629887152903916,0.843585,0.868055555555556,0.7877777777777779,0.013879514660996621,0.5632027788,0.9086110999999999,0.5033333,0.049690107855665244,0.902473888888,0.9175,0.8847222220000001,0.006108005404678442,0.8750894444579999,0.9169444440000001,0.6219444439999999,0.05046605627229983
23,dataset_22_mfeat-zernike.csv,0.8571083333333334,0.8811111111111108,0.827777777777778,0.008830918933442643,0.7955866658,0.8880556000000001,0.4888889,0.12488390549881376,0.8063522222222221,0.828055555555556,0.7616666666666658,0.010975847285401245,0.5645577768000001,0.8955556,0.4983333,0.061924364933474856,0.8668527778,0.886388889,0.8530555559999999,0.0059845571593459155,0.8621705555619998,0.8894444440000001,0.6280555560000001,0.0386490514692095
24,phpSF8oeR.csv,0.7205499999999999,0.9375,0.5,0.15450263631814998,0.7781999999999999,0.975,0.5,0.1483809921710842,0.688,0.8875,0.5,0.10975583212463355,0.634875,0.8375,0.525,0.0613061069756106,0.713,0.9125,0.5,0.14531468513344017,0.8212999999999999,0.95,0.7,0.0447598244385245
25,php5J5AK6.csv,0.7670652380952381,0.833333333333333,0.6519841269841271,0.03131759613252579,0.7770349208,0.8495238000000002,0.6755555999999999,0.02661974374668407,0.7213726984126984,0.8292063492063491,0.573809523809524,0.03735451995255923,0.7261368284,0.8177778,0.6238889,0.023894201717130265,0.750354603182,0.836507937,0.695873016,0.024260953676458773,0.74370587304,0.846904762,0.611428571,0.04870146125928378
26,dataset_48_tae.csv,0.642355982142857,0.781830357142857,0.5541071428571429,0.03358897853322124,0.7208011542,0.7783929,0.6124554,0.03321208311774922,0.6093094642857143,0.7216517857142858,0.5080357142857139,0.03813179621849212,0.5916539285714285,0.7573214285714291,0.43459821428571394,0.11688491065700463,0.6538020535979999,0.7375,0.5290625,0.02855190657613243,0.715157857246,0.787053571,0.567008929,0.03160547953780825
27,dataset_106_molecular-biology_promoters.csv,0.8754033333333334,0.951666666666667,0.681666666666667,0.049576008928943094,0.9145833332,0.9633333000000001,0.83,0.023648474635688612,0.74731,0.86,0.621666666666667,0.042870615570093196,0.6790266666666667,0.8966666666666671,0.5,0.13402126040642326,0.874926666654,0.951666667,0.653333333,0.05171136213547226,0.8170100000059999,0.971666667,0.6333333329999999,0.0678383091812101
28,phpXxoe1Q.csv,0.6482890909090909,0.733051948051948,0.495238095238095,0.059580627265261914,0.7047369262,0.7490043000000001,0.5,0.021034604500145198,0.6757176623376624,0.7597619047619051,0.5,0.042689124436557764,0.6108256732,0.7278139,0.465974,0.07871133290576679,0.65053272729,0.723268398,0.495238095,0.05804028677535057,0.6853823376620001,0.7515151520000001,0.5,0.027519891338991537
29,phpRql5hp.csv,0.7526149387254902,0.8893504901960779,0.5581372549019611,0.0914871119152189,0.7957834836,0.8933885,0.6482843,0.07401982935925316,0.6945294730392156,0.8914767156862741,0.533860294117647,0.09015244346127618,0.6726799495999999,0.8540440999999999,0.5496569,0.06960390081992358,0.741573259796,0.8825857840000001,0.591403186,0.07151423931571285,0.8246734681839999,0.920232843,0.587303922,0.05596139851886664
30,phpnYQXoc.csv,0.6737337983911513,0.731821266968326,0.6030291603821021,0.019884385912845783,0.6560747916,0.725176,0.5900779,0.023496493291963544,0.6326829562594268,0.7040321769733531,0.5562971342383111,0.025001390288990868,0.5369386982000001,0.6503557,0.4644583,0.03090598191112261,0.6642828883780001,0.724002011,0.6152187029999999,0.021833131835448848,0.63571163902,0.693647562,0.554543741,0.02440321641582204
31,phpgEDZOc.csv,0.609767759051186,0.740265293383271,0.498882646691635,0.06705737585964873,0.6732536792000001,0.7613514,0.4334238,0.05357658004642691,0.6430261111111111,0.735530586766542,0.511376404494382,0.04523046625644302,0.5187585259999999,0.6286049,0.4827215999999999,0.023170328871133378,0.54116226583,0.705265293,0.49943820200000005,0.05638926865900439,0.690414456946,0.7499687890000001,0.559709738,0.027713315114635984
32,php1PI19i.csv,0.9709703849740988,0.9830040037192479,0.9305456820944971,0.00825191418347534,0.9069164112,0.9833241,0.517745,0.09625892487977754,0.9470172543222486,0.96743239500716,0.8607033254447242,0.014188965732677467,0.6551905806,0.8570517,0.6374715999999999,0.016704029781780948,0.9698939375119999,0.9872200609999999,0.913353269,0.013463564290545176,0.977319695888,0.9885363559999999,0.942308715,0.007041677455538633
33,AP_Endometrium_Lung.csv,0.9047593406593407,0.950961538461539,0.819184981684982,0.021349487843275332,0.9247256394000001,0.9688187,0.8608059000000001,0.01745437709408022,0.8682259157509158,0.929624542124542,0.8128663003663,0.02192377132831404,0.6597750917999999,0.8709707,0.5,0.16498479831851515,0.916489468862,0.9533424909999999,0.8934981679999999,0.010222270546126408,0.8774643772740001,0.971794872,0.8017399270000001,0.039344332602793644
34,AP_Lung_Uterus.csv,0.9392999999999999,0.9644230769230769,0.896153846153846,0.008540813960244729,0.942820511,0.9685896999999999,0.9112179,0.008815097837168717,0.9050519230769232,0.943910256410256,0.8516025641025642,0.014250488078094927,0.6497076925999999,0.8769231,0.5,0.16535683226205117,0.94548012822,0.972115385,0.927884615,0.006636558920417255,0.9183698718139999,0.96025641,0.8689102559999999,0.01679526076757013
35,hiva_agnostic.csv,0.5632237464985995,0.6717156862745101,0.499754901960784,0.04362652502166909,0.6042790967999999,0.663834,0.5107843,0.037094041612600596,0.5820480322128851,0.6672023809523809,0.511733193277311,0.03423833922342932,0.4970104394,0.5266597,0.48468140000000004,0.005139984227940252,0.56262489497,0.669268207,0.49975490200000006,0.04391064790535626,0.623654131646,0.661453081,0.49987745100000003,0.028767113116322122
36,php9HX2u8(2).csv,0.9998754388499784,1.0,0.9939751072654079,0.000484595983579086,0.9659974992,1.0,0.5159532,0.08946449668677534,0.987460755673397,1.0,0.9096528386336971,0.015535476654225883,0.7800543574000001,1.0,0.6235034,0.11169966289389553,1.0,1.0,1.0,0.0,0.969503973118,1.0,0.463250825,0.08346849068459077
37,phpn1jVwe.csv,0.7353439518547936,0.8091580956402551,0.6514653690316999,0.034683793532612826,0.6787927242,0.8118137,0.4504572,0.09304015365185203,0.7367493237016111,0.8008709687689559,0.653800827108238,0.030408984170651944,0.6001695647999999,0.8008706999999999,0.48970159999999996,0.10230722213580218,0.5904529916839999,0.785577216,0.5,0.0912553789664203,0.780617917716,0.82326066,0.605357227,0.025560939193340477
38,pc3.csv,0.5367346251266465,0.6283744934143871,0.49857396149949296,0.024586663242205944,0.601096851,0.6462011999999999,0.5196454,0.024266232355315966,0.5816418667679839,0.6503463779128671,0.527724164133738,0.02248846411109821,0.5381039022,0.6328514000000001,0.49895829999999997,0.016038955182467018,0.508022075696,0.6042882470000001,0.498571429,0.017426265845641536,0.60004370056,0.656015071,0.498221884,0.029790902500677705
39,kin8nm.csv,0.8269923175368449,0.851104439399482,0.798159164513136,0.01148182175040294,0.8338945862,0.8781699000000001,0.7250899000000001,0.04157215904817602,0.7500766808158229,0.7852681853998299,0.684478821844195,0.025053478442193126,0.642467291,0.9049754000000001,0.5075845,0.12389329052783435,0.811135373356,0.855505457,0.779587605,0.016340621587698206,0.821919088888,0.888090377,0.663003221,0.048892892707696665
40,dataset_20_mfeat-pixel.csv,0.9648783333333333,0.9872222222222221,0.917222222222222,0.01268288292826507,0.9389638879999999,0.9880556,0.5002778,0.10276305307153726,0.9140094444444444,0.9355555555555559,0.8838888888888891,0.010152377779310566,0.6122072232000001,0.8886110999999999,0.5044444,0.0565939599847437,0.971704444428,0.9875,0.9541666670000001,0.007654601190045227,0.961995555552,0.990833333,0.604444444,0.0510694302961543
41,dataset_187_abalone.csv,0.6155231198037557,0.626699312336934,0.599981658262315,0.00491794155545267,0.5436017284660329,0.624176658252584,0.497147306606148,0.03815640583909261,0.6013645548468178,0.6137763306026751,0.5798886636988161,0.0059373656049344185,0.5648510578,0.6158908000000001,0.5303611999999999,0.023164907313224885,0.621125671918,0.628303055,0.607410392,0.0035280584830592594,0.6005268568040001,0.621901757,0.534390691,0.012396702445580145
42,php3isjYz.csv,0.5546860109289616,0.602991803278689,0.5015710382513661,0.019201534183414193,0.5738368844,0.6221448,0.49844259999999996,0.024464565393853558,0.5366839344262294,0.577568306010929,0.491612021857924,0.01382338941081387,0.6089238267999999,0.7319126,0.4620219,0.10971034488670994,0.53300926229,0.6104644810000001,0.474508197,0.026059938699994224,0.575523934414,0.64442623,0.49934426200000004,0.03618440086947495
43,jungle_chess_2pcs_endgame_panther_lion.csv,0.9984827969686263,1.0,0.994741809013713,0.0009881264067868384,0.9980719140853338,1.0,0.9258627952191221,0.007597751583195851,0.9962890890618644,1.0,0.9781442578277401,0.0032509962165482983,0.7362033712,0.9990435999999999,0.6522654,0.07970249483820188,0.9985173092780001,1.0,0.994097397,0.0010156457486047755,0.991520759602,1.0,0.278375635,0.04565111193481626
44,php5s7Ep8.csv,0.8629101573693515,0.8880976839115999,0.8385722159050891,0.009734792317571798,0.8442401119999999,0.8953605,0.47382820000000003,0.08388282378756647,0.8273912352173511,0.851245743601055,0.770442576619923,0.01394170421305837,0.6636354208,0.8599005,0.5822289,0.06999911383922802,0.844608276638,0.890916017,0.755587461,0.018979090783480528,0.8331487532359999,0.894862058,0.6430012620000001,0.05389865078100177
45,php9xWOpn.csv,0.9963673119766965,1.0,0.9579583143634699,0.006026811667171216,0.9995708499999998,1.0,0.9622545,0.0031505564587703885,0.9687246148582832,1.0,0.7897012503046429,0.0405771154415269,0.5597032554,0.9992537,0.4506053,0.09668467350920411,0.9986953221239998,1.0,0.96263999,0.0035471788220501747,0.998099959502,1.0,0.5,0.02341201139293607
46,page-blocks.csv,0.9171017403270484,0.93943028816017,0.857841598837141,0.015125868243935138,0.8704908648,0.9382306999999999,0.5869164000000001,0.07985075097068911,0.9035536666678494,0.936556773372505,0.835538650411235,0.017476922575068162,0.6877850748,0.9314261,0.5251515999999999,0.14983508953683014,0.763359938578,0.934581275,0.5,0.1444400545647053,0.91775362995,0.9380516990000001,0.716182812,0.019462596144353982
47,dataset_24_mushroom.csv,0.9993548179317168,1.0,0.9974341046446461,0.0005749454487318052,0.9996402094571176,1.0,0.943789992243929,0.0032101190959173075,0.9987215257913554,1.0,0.9926475387738491,0.0011789504093592752,0.6374560441999999,0.9994888000000001,0.5,0.13909814676914242,0.999392013798,1.0,0.997195314,0.0005594374048825595,0.99981745296,1.0,0.969822237,0.0015927184911406849
48,phpyM5ND4.csv,0.980160606060606,0.9888888888888892,0.966666666666667,0.004315611705295729,0.9613166646,0.9936869,0.5967172,0.06475873496434013,0.9619939393939394,0.981313131313131,0.876010101010101,0.012882061945829288,0.7919414162,0.9825758,0.6199495,0.14975767948301252,0.9716060605959999,0.9909090909999999,0.9138888890000001,0.01185214863910244,0.968490909054,0.993686869,0.706818182,0.04666426768240584
49,phpcSeK3V.csv,0.8232164765661737,0.9239311958448059,0.7007734283340329,0.06541460188102591,0.8381831086000001,0.9224486999999999,0.5867201999999999,0.07604831825263655,0.8239599620103916,0.9041171076205909,0.6707174534984061,0.05278899916970918,0.6768329506,0.9337654000000001,0.4798424,0.18463586743480895,0.561474940624,0.903831585,0.5,0.1133136775338539,0.894264061284,0.920992162,0.5,0.036629766131709554
50,dataset_28_optdigits.csv,0.9789606665498302,0.991006333194516,0.9472175078591389,0.007775267820570356,0.9374147932,0.9924860000000001,0.49951579999999995,0.11489994889715456,0.9261109720425362,0.950366545492344,0.88057428216303,0.012631776602330504,0.6055943588,0.9916896000000001,0.5009888,0.10199356832772755,0.9851886810219999,0.992583474,0.976656651,0.00356827638217716,0.97276085801,0.993670901,0.757562147,0.03264904935219645
51,php8Mz7BG.csv,0.8596759012355608,0.892313732262315,0.825931701144398,0.014208393595964217,0.8511469224,0.8895341999999998,0.7304459,0.0341485233300109,0.8034766435042079,0.852374599282869,0.7582143386471001,0.01596444940383859,0.7168845454,0.8710072,0.49128249999999996,0.1446416727550167,0.708696206274,0.899568129,0.5,0.13936610714274605,0.8492216908639999,0.905268574,0.668350821,0.047713254111807504
52,phpEZ030X.csv,0.8563416666666667,0.933333333333333,0.4833333333333329,0.06750752440392654,0.8265416672,0.9041667,0.6666667,0.03765625892236749,0.781125,0.904166666666667,0.654166666666667,0.046732224296372644,0.6222333298,0.7916667,0.48333329999999997,0.10827286968150364,0.855650000016,0.9291666670000001,0.4875,0.07036804230605172,0.81886666665,0.9208333329999999,0.65,0.03878952937415117
53,dataset_36_segment.csv,0.9801338383838384,0.989393939393939,0.9684343434343431,0.00428821660267097,0.9627272725999999,0.9936869,0.5550505,0.06650118121581831,0.9623868686868686,0.9808080808080809,0.87020202020202,0.012385854470663208,0.791899497,0.9830808000000001,0.6224746999999999,0.1499528387604396,0.971664141432,0.991161616,0.9174242420000001,0.011717738369178762,0.9688858585840001,0.9939393940000001,0.704040404,0.0471462334604443
54,phpd0f4kM.csv,0.7588104104626747,0.770966415044293,0.735676829784412,0.0047312346720013556,0.7546884107999999,0.7807808,0.6157416,0.014834711689591745,0.7373346482514758,0.7598336753025781,0.6962316279229771,0.009552901446269269,0.5892295532,0.7438117,0.5159961,0.04814314380489883,0.742123000832,0.7634365740000001,0.704837722,0.010223353188443593,0.745853705238,0.7814555459999999,0.610476107,0.02033877357784289
55,jungle_chess_2pcs_raw_endgame_complete.csv,0.8634968754675685,0.8739608282532271,0.8257321827698221,0.006835748826268661,0.8734222606,0.9039802,0.7837308000000001,0.02678867772768307,0.8333683598401903,0.85603708724658,0.790541349965973,0.013166546278063353,0.7364291376,0.8963333,0.6011786,0.0986470909976361,0.8686102478779999,0.8750470490000001,0.828577097,0.0054740676702681075,0.854589603498,0.900165242,0.73868279,0.030211418960487468
56,dataset_31_credit-g.csv,0.6478652380952381,0.6926190476190479,0.5409523809523811,0.022683188954637362,0.6751709528000001,0.7092857,0.5026189999999999,0.013540204465948497,0.62722,0.668095238095238,0.574047619047619,0.016100422581575725,0.5521123682,0.64,0.4992857,0.05122647719777809,0.641849047598,0.6840476190000001,0.543333333,0.02311263165258146,0.657286666676,0.6959523809999999,0.524761905,0.018528888232875768
57,phpAmSP4g.csv,0.945607215007215,0.9653968253968249,0.913856421356421,0.00900332227501204,0.9603521716,0.9774892,0.9183694,0.006578159756335589,0.92230715007215,0.949195526695527,0.8941017316017321,0.009849723477543487,0.6986855716,0.9606818000000001,0.5,0.1869083967831972,0.946696933628,0.9682106779999999,0.913614719,0.010388334113346734,0.946571875906,0.980227273,0.889321789,0.020568825245382744
58,php0FyS2T.csv,0.7581348484848486,0.829292929292929,0.677272727272727,0.02761763985606409,0.5528984848484848,0.806818181818182,0.502020202020202,0.06377402919703194,0.6852489898989899,0.727020202020202,0.636616161616162,0.01990127200141593,0.6214803052,0.8643939,0.49595959999999994,0.11587520517576685,0.7781171717259999,0.834848485,0.733080808,0.022330196447453137,0.709881313116,0.8292929290000001,0.5078282829999999,0.09690529660077736
59,churn.csv,0.8437007916605721,0.8780443952815391,0.630840476806739,0.04496344522805899,0.8336511332,0.89049,0.5445988,0.0669710790108678,0.8190345858585131,0.8616457055336851,0.6710545012362901,0.04241357392778486,0.4997846862,0.8104332,0.47823640000000006,0.030795471977758927,0.7514851117379999,0.890278694,0.5,0.1220710027308376,0.7877343708239999,0.877721086,0.545608013,0.06892571024003834
60,dataset_6_letter.csv,0.9591414139269134,0.98260822576114,0.9272315591121579,0.011516200698263541,0.6232497548104489,0.985202281719016,0.48977777018471397,0.19400567344457273,0.8896603373658846,0.9379056869498921,0.7600896042317759,0.028315300049658567,0.67988247,0.9888923000000001,0.5198050000000001,0.16469803982496778,0.961952005146,0.985568915,0.864429097,0.016923342575896335,0.8789381747780001,0.9854405829999999,0.5767108710000001,0.10728855025207151
61,dataset_42_soybean.csv,0.9446855699634781,0.9705079096580059,0.8770607603808679,0.018116745442772645,0.7644735577999999,0.9749818000000001,0.4946469,0.16220427071362428,0.911887458621866,0.967755971998845,0.816161607327484,0.03276261326356053,0.6430149014,0.9584389000000001,0.5969721,0.04279297870920217,0.944165323494,0.973560433,0.873767503,0.019186959427170715,0.9244246753519999,0.9743304490000001,0.565653284,0.09301946662528184
62,phpfrJpBS.csv,0.9867633900043908,0.999073795343753,0.954056443764672,0.010223182825506804,0.9942049756000001,1.0,0.9364594999999999,0.015673215060903585,0.9463572386332422,0.995112251188543,0.8231786044612859,0.041579671736778324,0.8772199592,1.0,0.7693576999999999,0.08343062916150006,0.985104888828,0.9991252359999999,0.9680501709999999,0.008056973847046185,0.9697975336500001,1.0,0.67915654,0.04422778479411526
63,kc1.csv,0.6055995154827257,0.65045055214438,0.575470263094824,0.016274480830208382,0.6438612288,0.6858267,0.5541311999999999,0.02132455266892485,0.6145563486260825,0.664936766248576,0.571378793466331,0.016752059374770412,0.5651027296,0.6800271999999999,0.5253591,0.02004024713637679,0.579279772974,0.663405417,0.498595506,0.032603149556753905,0.634067643236,0.679531593,0.5,0.02823852148557314
64,file7a97574fa9ae.csv,0.9361481259119651,0.9494566208657591,0.9193967351653699,0.006729256577999005,0.9398864026,0.9539366,0.8623472,0.011751140949192499,0.9071914260092412,0.9291631201361871,0.779505107003891,0.024516706946458522,0.6306843436,0.9123776,0.5015602,0.10366853694029575,0.93254024196,0.9533567909999999,0.8926700809999999,0.010962124205625883,0.93547946712,0.953550584,0.838414245,0.012187767327373164
65,mfeat-pixel.csv,0.9698249999999999,0.9863888888888891,0.936666666666667,0.007674390691334269,0.9776361042,0.9922221999999999,0.8752778,0.013740843776577432,0.9536166666666666,0.9813888888888891,0.9016666666666671,0.01312673829704498,0.47646944480000003,0.9925,0.4427778,0.035291866662514215,0.968908333034,0.987222222,0.944444444,0.0067437665696546785,0.976968888852,0.994722222,0.9205555559999999,0.011613077668184606
66,dataset_44_spambase.csv,0.9337826551489689,0.9524630997022391,0.915983869041359,0.007394828349851916,0.9442318160367094,0.961510316855162,0.8670780917534789,0.015083234385284937,0.905599125547183,0.9247887897112379,0.8702194146062109,0.008625849077781593,0.7524012754,0.9079715,0.7015534999999999,0.03260328948904985,0.9290338596819999,0.956052685,0.8307399790000001,0.015890718406811326,0.944684948632,0.960173475,0.8768329440000001,0.008795120312206268
67,phpdo58hj.csv,0.8270333333333333,0.925,0.5,0.06728455725880379,0.8277583338,0.9041667,0.6416666999999999,0.039877187181912924,0.7695666666666666,0.891666666666667,0.633333333333333,0.04578578635362284,0.6453499994,0.8791667,0.48333329999999997,0.13186071951457137,0.8244249999980001,0.904166667,0.5,0.07115493371180076,0.801591666678,0.904166667,0.654166667,0.03868059128236517
68,phpCsX3fx.csv,0.8560398989898991,0.926767676767677,0.7040404040404041,0.04390427491887969,0.5584282828282828,0.9111111111111109,0.501767676767677,0.08020630877057164,0.6915131313131313,0.7472222222222221,0.6292929292929289,0.02686109040354552,0.5724631287999999,0.9260101000000001,0.5068182,0.06950417603664716,0.9030161616,0.93459596,0.873232323,0.013512378944979057,0.75019444444,0.9244949490000001,0.506060606,0.11363009198621736
69,analcatdata_authorship.csv,0.9751648784868913,0.9944237367875959,0.9405304049285,0.010258570573251614,0.9912652194,0.9976562,0.9832415999999999,0.002776869976454772,0.9320130529019895,0.9635528292508471,0.880181510131816,0.015379434600228028,0.7309411054,0.9801684000000002,0.5846574000000001,0.15038313854217983,0.9921009352260001,0.9976366040000001,0.9802080240000001,0.002976867906890869,0.978286569732,0.9976559620000001,0.885645207,0.01655065966638619
70,php5OMDBD.csv,0.9746924001875348,1.0,0.8152129629456211,0.025287464479460536,0.6976630916,0.9995166,0.5059734,0.19188574590121013,0.8868090272008082,0.993274816091949,0.57958926006769,0.09855520084277278,0.5672282198,0.75761,0.5243505,0.045284018591540055,0.960243086098,1.0,0.753857737,0.05430244986502387,0.946526815368,0.9995210729999999,0.497756674,0.11154156192183594
71,phpdReP6S.csv,0.5708926747597772,0.651126209977662,0.509164915966387,0.02894171654318596,0.6306403396,0.6859609,0.5,0.02465653956277834,0.6124910532567458,0.67145859926249,0.5565630207779311,0.022485590815882597,0.5046424495999999,0.7028835999999999,0.49362040000000007,0.0138897922032534,0.5252434575780001,0.604353925,0.499578946,0.02690067728403378,0.603932696242,0.682769231,0.5,0.03352468392943329
72,pc4.csv,0.6784862336601306,0.7727251838235291,0.535756229575163,0.041987079012893135,0.7403028596000001,0.7797232,0.5,0.020934422540649856,0.6964398437499999,0.770029105392157,0.5903594771241829,0.029395121376527077,0.5346866304,0.7265063,0.5016493,0.03137859801167146,0.5866005565860001,0.750002553,0.5,0.06016523491876763,0.7229941431760001,0.784270323,0.5,0.026039674215462837
73,phpysQLwp.csv,0.6863166666666667,0.883333333333333,0.47083333333333294,0.15976087031083694,0.7124749974,0.8791667,0.5,0.14413458238934776,0.6663333333333332,0.891666666666667,0.4833333333333329,0.13440420414292736,0.6668999896000001,0.9208333000000001,0.5,0.1364945140620554,0.672191666658,0.8833333329999999,0.5,0.1591086322975073,0.8225416652,0.8875,0.7,0.03200474610293943
74,phpxijhaP.csv,0.9540070785485374,0.97175158032268,0.8798616843784821,0.016960885901146187,0.9673462408,0.975268,0.8063179,0.009630482554060495,0.8346831570344916,0.8567498587931172,0.815271330432398,0.00846000805144768,0.7629945154,0.9770244,0.5,0.2246975351645988,0.970663431208,0.9766182840000001,0.9635127040000001,0.0026777777309621555,0.9672727808060001,0.976216889,0.740124714,0.013640173670745041
75,synthetic_control.csv,0.9993220000000002,1.0,0.996,0.0009550603544075676,0.998512,1.0,0.988,0.001565489544848539,0.975644,0.9990000000000001,0.904,0.018888271429519182,0.651092,1.0,0.517,0.1007762235374045,0.999576,1.0,0.99,0.00123258367872128,0.969888,1.0,0.599,0.0863981292011518
76,phpYLeydd.csv,0.7706238945621151,0.8123026055791421,0.735135274899143,0.015801156991479038,0.7759279062000001,0.8237624,0.6666411999999999,0.03208822196719496,0.6950797259264341,0.7071595181353879,0.6714545248696869,0.005912014199957382,0.6358379662,0.7305185000000001,0.5522630000000001,0.056694616118230706,0.7383320479519999,0.8169857759999999,0.662213691,0.0302324460045865,0.7326073480340001,0.815401732,0.619476788,0.04262020610532807
77,phpTXWrKb.csv,0.7943732503453165,0.82259345446915,0.748665858381515,0.009728586373162883,0.7707182414000001,0.8076687,0.6088846,0.015754266211794512,0.7769001512669754,0.809684817175779,0.729678555130446,0.011574776653399031,0.7655255888000001,0.7864044,0.7277515999999999,0.01178774858848821,0.7928089984840001,0.81791127,0.7736091970000001,0.010555209301604388,0.7723804434,0.8059455,0.6473846999999999,0.01628415179339831
78,phpPbCMyg.csv,0.7628038010296355,0.7826799495274159,0.73764173520755,0.009839599467138293,0.7441470664,0.7803206,0.48951999999999996,0.04798591324973292,0.7198430176585755,0.732447331603026,0.706646970713701,0.004396547551170145,0.6394024938,0.7541104000000001,0.5362045999999999,0.0902584538276111,0.7480556519680001,0.782485361,0.697852303,0.016976607846115543,0.736064579992,0.78102288,0.629292509,0.037272732564016364
79,vowel.csv,0.92673,0.9888888888888892,0.544444444444445,0.057363094136307455,0.9453855622000001,0.9888889000000001,0.5777778,0.05764456027599253,0.8932266666666667,0.975555555555556,0.7088888888888891,0.04821407549287602,0.6859155565999999,1.0,0.5577778,0.1234248234042702,0.8101099999979999,1.0,0.5,0.15712574212357946,0.9705188866000001,0.9994443999999999,0.9194443999999999,0.016187852492007902
80,phptbYBGx.csv,0.5624327868852458,0.7010245901639339,0.49834699453551895,0.041191372278297694,0.6266683599999999,0.702623,0.5138934000000001,0.029738712517771673,0.6029531420765026,0.7129371584699449,0.510109289617486,0.03322804770232884,0.5267671888,0.6505191,0.4772951,0.03194758484558491,0.5167706830679999,0.6767486340000001,0.49918032799999995,0.027506023755945328,0.647642814,0.7259426,0.516694,0.030851161035423468
81,phpVeNa5j.csv,0.9962279781338125,0.998533664365854,0.987290731502538,0.0015683174961455347,0.9974524793936155,0.9992682921384929,0.9227486782714871,0.006445218389110297,0.9858731298026701,0.997924501410114,0.925437204489121,0.01244799276614122,0.7073534180000001,0.9486828000000002,0.5575554,0.13518658748674892,0.97125990604,0.991444847,0.9109163720000001,0.014241719673243327,0.987125927832,0.999267619,0.7568274190000001,0.0308409267406079
82,phpZrCzJR.csv,0.81017722584527,0.8444387177221251,0.7598214285714291,0.010358502798226853,0.70360102147502,0.8524762070717421,0.381374742438935,0.10015042635285892,0.8102780093485755,0.868642697033507,0.725889695973278,0.022943999845843357,0.5018823558000001,0.8487062,0.4914424,0.03254619747700198,0.75506573832,0.809622423,0.653571429,0.034395311433285045,0.823223221234,0.863285752,0.780158138,0.012589336485798542
83,phpoOxxNn.csv,0.8536931907009797,0.9188987868636109,0.707934876402213,0.03694350701014651,0.5572152682604944,0.90676996091569,0.500508857418405,0.08404209477378176,0.7032239505608853,0.765544896198162,0.6210154306887979,0.030636549414794465,0.5670187492,0.9332991,0.5065771,0.06646088599153174,0.8838057459219999,0.928746003,0.849415004,0.016354677193829725,0.758521402462,0.915612152,0.510611136,0.11786725065640426
84,phpNevWWL.csv,0.8167188540750685,0.825681368373252,0.7792537208271759,0.005912743580870541,0.7796598741999999,0.82344,0.5151973,0.051892099177691484,0.7913873734717679,0.813448798731239,0.7502351072627941,0.01106121272165851,0.7333816676,0.7865903000000001,0.6980458,0.02135703376073336,0.813509937004,0.822544632,0.757816736,0.009386383748919027,0.7660823172400001,0.817198234,0.550176372,0.049859789906817324
85,phpVDlhKL.csv,0.6990416666666668,0.9125,0.5,0.15876064648348726,0.7226999982,0.9125,0.5,0.14231276953292532,0.6743916666666666,0.895833333333333,0.5,0.12780208552905384,0.6591666558000001,0.8791667,0.5,0.12889717653840696,0.68453333333,0.9125,0.46666666700000003,0.15770060086133628,0.817375,0.925,0.6916667,0.04464261786048612
86,tumors_C.csv,0.5489416666666667,0.75,0.3958333333333329,0.06491754518284992,0.5196166665999999,0.7666666999999999,0.375,0.05745757144657422,0.5463083333333334,0.729166666666667,0.316666666666667,0.06525638154488286,0.5349333342,0.7125,0.4375,0.04789034667344449,0.5111666666720001,0.6125,0.4125,0.030294654474553373,0.5743583333419999,0.708333333,0.420833333,0.054478619090820975
87,phptd5jYj.csv,0.9169035057263673,0.967884125945048,0.837789987515966,0.024568502423047013,0.9210328557999998,0.971001,0.49813900000000005,0.09368210809409538,0.8325739075790474,0.8690549706787459,0.771359683209989,0.016743766107681107,0.5709382724000001,0.9763562,0.5005962,0.07072183641635787,0.9167744686840001,0.969010376,0.844201875,0.023664753026307654,0.940285018304,0.975616796,0.6537001029999999,0.04838856422747361
88,phpTJRsqa.csv,0.7850934628894022,0.826360565172476,0.751444314538655,0.01769097820589645,0.7273214378,0.8255244,0.48438909999999996,0.09717911679719318,0.7324481259188825,0.77240512158636,0.7107243538599209,0.010431892244649079,0.7205478364000001,0.8161273,0.6246088000000001,0.08116353022950683,0.751410289114,0.829578975,0.678440788,0.037691955355758484,0.740847473376,0.828639195,0.525039287,0.07143604090240775
89,phpSZJq5T.csv,0.9532675925925926,0.979166666666667,0.9138888888888891,0.012231044875593147,0.9522787060000001,0.9865741,0.6384259,0.04947696793488485,0.910050925925926,0.945833333333333,0.8532407407407409,0.013580202193736029,0.6803657418,0.8777778,0.5055556,0.10966507524950955,0.949611111114,0.983796296,0.852314815,0.026240238395727984,0.94932870371,0.9884259259999999,0.605555556,0.05501658194787618
90,phpWfYmlu.csv,0.9350146949845541,0.9555575223377242,0.9014711545013709,0.009955503989987355,0.9652705745169557,0.9762618207026851,0.911590823030825,0.006651946989833874,0.8839115882762051,0.9015314207940059,0.8692550625682058,0.005693780633720705,0.6176063925999999,0.9769326999999999,0.31806609999999996,0.13312365657171762,0.962990978222,0.9754081859999999,0.9486021509999999,0.005664641124322367,0.9540879455619999,0.9742435979999999,0.773801416,0.017538230871515386
91,kc2.csv,0.6964912174004857,0.74198236722627,0.653914053426249,0.012804440393682505,0.700586424,0.7399683000000001,0.6571872,0.014136101726949103,0.6869041009397107,0.748654841093865,0.633820610284025,0.019735449794972548,0.5912634283602577,0.695348959983106,0.5172278534473661,0.0489563646282386,0.643184100952,0.715719565,0.5,0.06636617866197196,0.689840691614,0.7337350859999999,0.635920177,0.014922147474727952
92,php4fATLZ.csv,0.7034640842490842,0.9975,0.5,0.14530967116702642,0.9338824971999999,1.0,0.45564099999999996,0.15446159509441826,0.6574545879120879,0.9526144688644691,0.476089743589744,0.10328419641622016,0.6633054768,0.9913049,0.3427427,0.15961096232043917,0.6116080127839999,0.9864560440000001,0.493589744,0.1266322534207287,0.929653965214,1.0,0.422660256,0.1692339777724097
93,profb.csv,0.5566884980237156,0.6122342995169079,0.4966666666666671,0.019508059408678315,0.6107229294000001,0.6800549,0.5,0.026969597702795212,0.5519211528326746,0.618056653491436,0.491482213438735,0.019792808374910827,0.5271574864,0.6761375,0.47122749999999997,0.03208918945113192,0.5339015107519999,0.619695872,0.495481994,0.03060618449288618,0.6048701866480001,0.6891414140000001,0.5,0.02790106740437018
94,dataset_53_heart-statlog.csv,0.8244414283973792,0.863692955436376,0.7460995050700929,0.01673761968423911,0.7921499996,0.8508333,0.7433333000000001,0.017714940334474388,0.7655216666666668,0.8475,0.685,0.029114421716419866,0.63869,0.836666666666667,0.5,0.12226720144097326,0.823898333322,0.850833333,0.7575,0.0115438206111066,0.762776666654,0.8475,0.6941666670000001,0.0269543621835049
95,phpGUrE90.csv,0.8257264221611297,0.8556664887145742,0.795477569890081,0.01120995308764629,0.8428041373360938,0.8623999309868879,0.7374465148378191,0.00880801469655503,0.7863646894409937,0.821506211180124,0.731316425120773,0.012271746030541838,0.6122865918,0.8177743000000001,0.5278864999999999,0.06256649157888505,0.822630072464,0.857803658,0.710981712,0.020924164432984612,0.8381225293360001,0.8631935820000001,0.693933747,0.013742028498831294
96,phpvtdNPU.csv,0.8974537563131313,0.9439393939393941,0.7888731060606059,0.02236360689222148,0.9139407493999999,0.9556976,0.8536301,0.017312367571014873,0.8280589330808081,0.9005050505050501,0.727840909090909,0.02997866869356101,0.7111447002,0.8967171999999999,0.5513889,0.14824962838023784,0.922144034064,0.9504419190000001,0.847238005,0.013447820942629076,0.856227493678,0.946622475,0.622790404,0.050700726693896074
97,phpZZfh5g.csv,0.6688886363636364,0.7559848484848491,0.535454545454545,0.032527796352129296,0.6870734862,0.7726515,0.5902273,0.030675127916012956,0.6385401515151515,0.772651515151515,0.487272727272727,0.03601590959676412,0.641031069,0.6714394,0.5425,0.03001748370699679,0.683251515164,0.769621212,0.6125,0.02393546043707238,0.6584740909060001,0.7871212120000001,0.5458333329999999,0.04631876322018797
98,phpSOw1Kl.csv,0.9138204268292683,0.9520579268292679,0.851028963414634,0.023333054355276526,0.9335269810000001,0.9564946,0.7570179,0.019080853976642,0.8576268244529935,0.933907893253739,0.684894693497236,0.054508369487813985,0.7656215698,0.9351186,0.6666850999999999,0.06854215338093733,0.891948470256,0.958125896,0.828319237,0.031204454122335745,0.913058148,0.9599619,0.6836185,0.05410436162774965
99,phpvz1IQW.csv,0.9336499999999999,0.9607142857142859,0.8964285714285709,0.011275680272368466,0.9484857135999998,0.9714286,0.9214286,0.007978134134914277,0.9069714285714285,0.9535714285714291,0.8214285714285721,0.022213903918480753,0.8558928568,0.9714286,0.7071429,0.08078495732528866,0.930049999978,0.957142857,0.9071428570000001,0.00948731528940148,0.9299071458000001,0.9642857,0.7464286,0.036891929800069126
100,phpy0HwUD.csv,0.56635,0.603125,0.528125,0.014437657511134471,0.5836864592,0.6258275,0.5454785,0.01607469685104267,0.5593960512694781,0.609215634194181,0.516877451781628,0.016847194619443825,0.5490129336,0.6003184,0.49435029999999996,0.017243761040375918,0.582262428496,0.621009385,0.548079097,0.012958085141100624,0.5738034198,0.6238126,0.5065858,0.01968305547595818
101,solar-flare_1.csv,0.8366822076612902,0.861454133064516,0.792023689516129,0.010315898842015434,0.8398967430000001,0.8682151,0.7990334,0.010134692790264393,0.7921390487102921,0.85876176539986,0.575611431497465,0.05321310568381419,0.7116378628,0.826578,0.5926811,0.06482016233273952,0.821767729324,0.854844547,0.68660726,0.024631924011578654,0.8195043174,0.8568683000000001,0.7795776999999999,0.014011343042929556
102,shuttle.csv,0.9996521522988506,0.999959770114943,0.998622126436782,0.0002101139101877536,0.9075967998463925,0.999959780513844,0.432290339005468,0.15079426245031896,0.9990024713002653,0.999879308596731,0.9938445895987441,0.0009507990322327182,0.9236432831999999,0.9994871,0.8289726000000001,0.07699068829542523,0.9514761155799999,0.9999295990000001,0.87514658,0.054799454280502105,0.9974946251020002,0.999979889,0.890680017,0.011608424064622449
103,openml_phpZNNasq.csv,0.8942665931753432,0.9835606060606059,0.741565656565657,0.05594756524491824,0.9555075277999999,0.9893939,0.6120833000000001,0.052424661995236904,0.880908907990158,0.9668265993265991,0.6993181818181821,0.049369456444062994,0.7544745018,0.9777273000000001,0.6536531999999999,0.10104846523010438,0.9007709728659999,0.9837283090000001,0.77020202,0.04846379903198759,0.95471792282,0.984532828,0.438939394,0.03058109277847022
104,analcatdata_cyyoung9302.csv,0.6571446428571429,0.8017857142857142,0.49285714285714294,0.09766328893592506,0.7408607171999999,0.8794643,0.60625,0.043960285431643945,0.7045857142857144,0.844642857142857,0.503571428571429,0.06050939160100222,0.5880196428571428,0.7625,0.5,0.07254400366936359,0.5695500000639999,0.7607142859999999,0.492857143,0.09273811817671695,0.73032857131,0.8464285709999999,0.597321429,0.04108051963230695
105,dataset_37_diabetes.csv,0.715756113960114,0.744236467236467,0.667678062678063,0.013034159381326437,0.7026353053999999,0.7405271,0.6174729,0.01343369359895976,0.6808554700854702,0.7373846153846151,0.5766381766381771,0.026624419776034226,0.578034643874644,0.6867948717948721,0.496703703703704,0.061248888690383564,0.654482985758,0.7409116809999999,0.499,0.07983438038276724,0.701248074074,0.738390313,0.6387948720000001,0.015340313027459704
106,analcatdata_reviewer.csv,0.6018344344293687,0.6302665089178249,0.533421804902068,0.019386282658714834,0.5545975148,0.6260094,0.5113805,0.024365062304464193,0.5826914146788489,0.627929751613962,0.526807705985338,0.018136165064756387,0.5712004230495679,0.6129324871430141,0.5021822683006889,0.021954054098276596,0.6010576667340001,0.630367723,0.534326239,0.019450902116672872,0.576945191504,0.624806393,0.5076836220000001,0.024552803934273944
107,pc1.csv,0.5659643603968847,0.665341272804865,0.4985436893203879,0.04939401747323754,0.6334611001999999,0.6899979,0.5013843,0.03396602484553462,0.5964485703616772,0.692314360396885,0.503351381628081,0.03983606206281215,0.5460678642000001,0.64066,0.47089709999999996,0.05645437579415429,0.5180875639920001,0.643217886,0.499029126,0.03329814167247048,0.640244773512,0.697618159,0.512421983,0.026381035534587583
108,phpSRnbqC.csv,0.4971223076923077,0.538589743589744,0.393076923076923,0.014545335127864484,0.4753910258,0.5426923,0.37910259999999996,0.02316535672283219,0.48852076923076926,0.613589743589744,0.40846153846153793,0.03019147610207913,0.5064176885999999,0.5669231,0.40448720000000005,0.035158716421788576,0.5010115384480001,0.532820513,0.473076923,0.005012836141283056,0.491058975,0.5560255999999999,0.39512820000000004,0.028129791312015633
109,dataset_59_ionosphere.csv,0.904936900780379,0.9311708219316921,0.8498644471470559,0.012824590142141854,0.9169201734000001,0.9383615,0.8157748,0.009655369471796836,0.8635089667578799,0.9137047734873821,0.8032127292996859,0.018575422525645414,0.5639247618323705,0.938897334549509,0.49060631397587895,0.07515506840303578,0.8840943169219999,0.926601297,0.719702037,0.029461266999421504,0.8973525066,0.9397423,0.7781291,0.02172702463111548
110,dataset_7_audiology.csv,0.8372963421540828,0.919873192174456,0.726043978904391,0.03330165264196686,0.6890521604000001,0.9220136,0.4880858,0.1310692886861725,0.8208259489741463,0.8923608712449621,0.6769206974499979,0.030083705585396452,0.7170285611205229,0.885996852217527,0.6532017283283821,0.04354392822667283,0.839169189322,0.9224433409999999,0.722910171,0.02950514733727838,0.8689551292,0.9324028,0.5948124,0.07339585321674444
111,phpflaNJC.csv,0.8167578205227012,0.8928213672182008,0.688976836710909,0.03933689230833742,0.6388087294000001,0.8817666999999999,0.500973,0.12238583889717161,0.7284531620456431,0.821291613599735,0.610280504487063,0.0528765445639004,0.5936107892,0.8722785,0.5335609,0.07257466004160704,0.8202306385320001,0.897456757,0.625756784,0.043291216697903305,0.8311031214,0.9051869,0.5268354000000001,0.08792347131831275
112,phpajta2z.csv,0.5479354545454546,0.827272727272727,0.465909090909091,0.07747387395287354,0.5796309088,0.7959090999999999,0.44863640000000005,0.06546662547331188,0.5961127272727271,0.831363636363636,0.470909090909091,0.09095842541846651,0.5443890922000001,0.6977273,0.495,0.05240865631144746,0.5342463635659999,0.7863636359999999,0.486363636,0.07281185444138398,0.6150263666000001,0.7390909000000001,0.4918182,0.048188134201670244
113,mfeat-morphological.csv,0.985116111111111,0.9925,0.9497222222222221,0.007983312275183766,0.9794966502,0.9938889000000001,0.6322222,0.04159426111690002,0.973635,0.9922222222222221,0.890833333333333,0.014575827250472845,0.7299633333333334,0.994444444444444,0.4425,0.2661716054532644,0.8824599999999998,0.9925,0.5,0.19717861753858826,0.989350543,0.9925,0.9447222,0.003980410752745514
114,phpBG0Qsi.csv,0.596536883116883,0.7017532467532471,0.5,0.033167185500988385,0.6331012116,0.7064501999999999,0.5,0.02741813508265226,0.6175178787878788,0.7140692640692641,0.530627705627706,0.03123941608205585,0.5140225101999999,0.6755194999999999,0.4745022,0.029787222573206238,0.524029870128,0.638181818,0.49761904799999995,0.03197457340966606,0.6290673586,0.7236364000000001,0.5440043000000001,0.03450242476654486
115,analcatdata_dmft.csv,0.5256352135204085,0.546113782370971,0.506779495932219,0.006901009359533809,0.5181189853999999,0.5456776999999999,0.49646660000000004,0.009203107472367293,0.5200264853916529,0.540089674749109,0.49824385660407,0.007197595578595118,0.5121538291353148,0.5294828968606861,0.48596416433219297,0.007855233514542988,0.52738732685,0.541864186,0.5078514279999999,0.006342178321087274,0.5167214458,0.5431842,0.4948477,0.009132489673660813
116,dataset_113_primary-tumor.csv,0.6983209421503843,0.7292699809141641,0.662138628413548,0.012132527450117775,0.6049684102,0.7394212,0.485545,0.07790492760378241,0.6759716649090128,0.704688637831677,0.635291094184691,0.012107726388233254,0.6404398245690419,0.7038183498471221,0.5899533207337221,0.025109480356907278,0.698519754224,0.733095552,0.659546704,0.011783065701633778,0.6713256087999999,0.7183313,0.5751930000000001,0.02401618545088176
117,php50jXam.csv,0.9867250781573905,0.9947881066302121,0.9693436740136478,0.004311213303106665,0.9947544752,1.0,0.8891280999999999,0.008743139653927597,0.9592892403325751,0.9914666976681641,0.900861131965532,0.01758792403045456,0.8600344275999999,1.0,0.6633289000000001,0.14285245501367805,0.980855475224,1.0,0.9017858540000001,0.019498004806148137,0.9913232216000001,1.0,0.8713021000000001,0.009023430959972607
118,php4ylQmK.csv,0.7957509523809524,0.912857142857143,0.67,0.04185251606409904,0.876016661,0.9333333,0.7164286,0.02547672742979292,0.7784047619047619,0.882857142857143,0.651071428571429,0.043424282093388285,0.5798050004,0.9330951999999999,0.5067857,0.060187052733099274,0.7282038095179998,0.903333333,0.5,0.08186764822237713,0.8476897601999999,0.9364286,0.7519048,0.03568801838357082
119,dataset_40_sonar.csv,0.7836612121212121,0.88290404040404,0.6715404040404039,0.03304214342888435,0.8455743924000001,0.9082575999999999,0.734596,0.025646415880489274,0.7156943434343435,0.8109090909090909,0.631641414141414,0.031586249896565846,0.5372741919191919,0.839848484848485,0.4672474747474749,0.04323081887169354,0.812268888888,0.89530303,0.732979798,0.03005123489859984,0.7752101,0.8999495000000001,0.5685101,0.06688793517852508
120,fri_c2_1000_5.csv,0.9057256681335704,0.9289339968000999,0.8718229248335729,0.01203968875737882,0.9205933448000001,0.9423935,0.7994571,0.011314449538238243,0.8533960345743976,0.903256122337461,0.766546127367427,0.03175402143841291,0.7219142555073377,0.9306971831511751,0.522156236445056,0.16264083576708055,0.8825713082300001,0.941130935,0.7705397740000001,0.03879280394040533,0.919357898,0.9450434000000001,0.7796399,0.013846235221317164
121,phpgNaXZe.csv,0.6353735215053764,0.6726747311827961,0.5771438172043011,0.01642776018714314,0.6071016922,0.6847043,0.5354167,0.02093708329496637,0.6102957392473118,0.6865389784946241,0.529549731182796,0.02596555339437604,0.5418302422,0.6571035,0.4933333,0.043085694226207706,0.6143884274439999,0.6663575270000001,0.5,0.04948308590566993,0.5942556324,0.6781384,0.5452352,0.021486872187633215
122,dataset_185_yeast.csv,0.7788640849425406,0.794986214540826,0.722923850549975,0.011764694335448968,0.6817100252,0.7869951,0.47826260000000004,0.10985652788380203,0.7363955411339714,0.767197543643678,0.6432716477149161,0.024941527364262504,0.6584375901583712,0.739305566433708,0.595058172897936,0.04779024170441413,0.741978098498,0.7960621520000001,0.627644369,0.05556669003455364,0.7403346538000001,0.7859439,0.6060383,0.03812076299480084
123,dataset_61_iris.csv,0.9600799999999999,0.975,0.93,0.006970708827883025,0.95732,0.975,0.935,0.006316438457673691,0.9326,0.98,0.82,0.03115575970387257,0.8445999999999999,0.98,0.675,0.10942342973032737,0.95898,0.975,0.905,0.01126558595252405,0.9578799999999998,0.975,0.83,0.01244247686198057
124,dataset_41_glass.csv,0.8218948604317117,0.891417486403756,0.7490522749561651,0.02848831706036695,0.860430108,0.8986858,0.6930386,0.023185084641515644,0.7796615490504919,0.8389538767868291,0.683952806918482,0.029405344197265055,0.6944621572310222,0.836105708936373,0.5824422122499929,0.06546461966736714,0.78010343897,0.875309103,0.613117121,0.05316913333117625,0.8284430978,0.8934554,0.6289764,0.051836616113627235
125,fri_c3_500_10.csv,0.866862698935525,0.910848913566305,0.7424001924001921,0.03283103313735508,0.8872373306,0.9165333000000001,0.7328515,0.02182146488043412,0.7878063329987243,0.8738740928958321,0.60907757701236,0.06095187272762911,0.5208928383210991,0.8068678503461109,0.411744254135558,0.05941057632658747,0.8260754281780001,0.923390217,0.557337871,0.08257198809737752,0.8738853509999999,0.9170556000000001,0.6740630999999999,0.024290037693549333
126,phpXeun7q.csv,0.5358472653061224,0.6886938775510201,0.49285714285714294,0.04470367967560012,0.5617775765999999,0.6462143,0.4943469,0.02667905381229685,0.5989595918367348,0.698530612244898,0.503734693877551,0.040377679492711,0.5168252086,0.6710102,0.486551,0.025469156592950192,0.500741795952,0.580959184,0.496938776,0.005471541756820567,0.5549559655999999,0.6866531,0.49375509999999995,0.03597342380429618
127,audiology.csv,0.9335938480392157,0.9659926470588241,0.6502083333333329,0.026303764451689613,0.9411337282,0.9674510000000001,0.8705025,0.013379713285366846,0.9125776225490195,0.9703921568627449,0.7302941176470591,0.03660673033556079,0.7144963235294118,0.8964950980392159,0.6296200980392161,0.03560114564695417,0.937656029408,0.9661764709999999,0.8282352940000001,0.01520203966376673,0.9397167887999999,0.9691175999999999,0.8557966,0.014655557318481794
128,dataset_39_ecoli.csv,0.8989259552312254,0.934015394036403,0.850805994216132,0.019316976821876317,0.8507084414000001,0.9276226999999999,0.4982555,0.10871428078057593,0.8582671832152918,0.911891772349213,0.7167693589284809,0.04034485244740399,0.8023275385421289,0.915594580323255,0.7246249723899492,0.0427960710643123,0.834044799004,0.935952765,0.67211173,0.07845971604734453,0.8986772507999999,0.932744,0.735226,0.030113777065870116
129,phpd8EoD9.csv,0.90967,0.991666666666667,0.818333333333333,0.03875305173822708,0.8252133348,0.9805556000000001,0.48666670000000006,0.17702424705682263,0.792541111111111,0.8966666666666671,0.6294444444444439,0.05254255768323699,0.7314477768,0.9972222,0.5122222,0.1919157118503487,0.931311111076,0.993888889,0.8311111109999999,0.036219748226342954,0.907721109,0.9927778,0.5316666999999999,0.11596144077968945
130,php7KLval.csv,0.6174617685377687,0.682476091476091,0.499324324324324,0.05827715640940414,0.6228330240000001,0.6842911,0.49855370000000004,0.03490915529206622,0.6146762176022176,0.685531531531532,0.512907830907831,0.035822173348898534,0.5117277915999999,0.6075232,0.4809813,0.01436397531365297,0.619740968848,0.682943867,0.499324324,0.057779424812256154,0.601440883,0.6683098000000001,0.5203902,0.03153567994876077
131,php0iVrYT.csv,0.6179360337117302,0.6537151702786379,0.531209150326797,0.021925714307984148,0.5957803948000001,0.6378139,0.5,0.01737582280245565,0.6069972824217407,0.6589267285861711,0.541640866873065,0.018901593364670937,0.5519466771999999,0.6453646,0.5141727,0.020952803883102798,0.5221006019900001,0.641176471,0.497368421,0.041377575360797024,0.591844703,0.6433694999999999,0.5,0.018878604373201175
132,fri_c2_1000_10.csv,0.8819819376026272,0.9226190476190479,0.7777093596059109,0.03048898929978103,0.9069317736,0.9320197,0.7720033000000001,0.019788530031024553,0.8286694581280788,0.9001642036124801,0.667775041050903,0.05361797386408036,0.5501294745484402,0.850821018062397,0.49913793103448295,0.06162375577153556,0.849041132978,0.926600985,0.588054187,0.06071610344405541,0.8966916260000001,0.9343186,0.7566913000000001,0.020283239983504134
133,phpfKh1CO.csv,0.97503670995671,1.0,0.788912337662338,0.04902180470932404,0.9988525408000001,1.0,0.9200486999999999,0.004711350049201139,0.9398587987012986,1.0,0.796607142857143,0.05511486324020533,0.8661410158,0.9966666999999999,0.7953409,0.04978728503384305,0.954296829044,1.0,0.7889123379999999,0.07296687719530094,1.0,1.0,1.0,0.0
134,dataset_54_vehicle.csv,0.8145330682772144,0.8463419553161601,0.789626959149055,0.01013501351523744,0.8473978010000001,0.8668113000000002,0.7635727,0.009508637808976823,0.7889220476457388,0.8273546879724542,0.7196957065508829,0.016561749541532785,0.5786761773185745,0.892800984280342,0.48760317143188103,0.08552269306727067,0.812195155936,0.843913377,0.733435009,0.014976860418014746,0.8219545482000001,0.8612095,0.6904071999999999,0.03624411775585298
135,dataset_11_balance-scale.csv,0.8860143969555035,0.920935792349727,0.8005454722872759,0.021304385953043407,0.9036665812,0.9771038000000001,0.8273517,0.031122528642687063,0.8152878532396565,0.8607630757220921,0.7609475019516,0.020226973732798526,0.829643725604996,1.0,0.715886026541764,0.0785613386215049,0.9187200507459999,0.9352215070000001,0.871611046,0.011586347496651469,0.8559849481999999,0.9708948000000001,0.7767399,0.050985690810964594
136,arsenic-male-bladder.csv,0.6895895178197066,0.8,0.5,0.11488450870391222,0.751436271,0.8147973000000001,0.462963,0.058574455691257375,0.7186746680642907,0.812002096436059,0.52311320754717,0.058569624113861414,0.5614221174004195,0.773130677847659,0.47561146051712105,0.04364216327097375,0.580364779882,0.791666667,0.5,0.11279824703993761,0.7639172256,0.8303809000000001,0.7110063,0.01908385833527135
137,dataset_23_cmc.csv,0.6634183319697854,0.684264525392265,0.635993456275687,0.008178079221777037,0.6390755099999998,0.6787143,0.6090113,0.016539461762353595,0.6342343039276468,0.6644513941074339,0.593094416552007,0.014663779645191556,0.5748802911166181,0.628327393340396,0.5153593460137249,0.025879453969404824,0.652774710414,0.6732083090000001,0.584041377,0.014846471542063528,0.6358013199999999,0.6741498,0.5961174,0.016122138710036312
138,dataset_56_vote.csv,0.9575159104239986,0.9672830777610191,0.9271262778615721,0.004297070771181278,0.9491893762000001,0.9674669,0.9188396000000001,0.00674982169612447,0.9456189762443439,0.9649918300653599,0.861759468744763,0.015628063601563602,0.8191538650075414,0.953340246354952,0.7494626696832579,0.054044508862432956,0.957634396448,0.968342551,0.930209904,0.004238370876688765,0.9482798187999999,0.9692475,0.9151771999999999,0.008312863712069234
139,dataset_50_tic-tac-toe.csv,0.9001942059521756,0.9864527629233509,0.6077538737880289,0.08170488392370688,0.9663786118,1.0,0.5036944,0.07366473409658139,0.8263938695712889,0.938156093326871,0.6289891323098149,0.06752080541091286,0.46950571340950853,0.992424242424243,0.337975307425023,0.0640674373763072,0.904158001664,0.986452763,0.632214802,0.0791731335348004,0.9626498044,1.0,0.6694244,0.061684366493930505
140,php9HX2u8.csv,0.8102623749251786,0.841761921357456,0.7517857142857142,0.009873483204872573,0.7023602630234528,0.8472186658082241,0.429204673778615,0.10294709519091258,0.8086907808838488,0.878367883195986,0.724400021329055,0.023324385347813816,0.5017059832,0.8534690999999999,0.49094670000000007,0.032357290834839965,0.755526851806,0.815872423,0.666964286,0.03434559050812697,0.8228502674279999,0.865966693,0.76507897,0.01249953277215724
141,wine-quality-red.csv,0.7888801462264151,0.8273726415094341,0.7639740566037739,0.01445656252001316,0.7920112182,0.8244064,0.5329517,0.04845998239707417,0.746980725097648,0.7722249975429301,0.7134074913785541,0.009709433195213713,0.717199523,0.8067764000000001,0.6371796,0.05682806499215785,0.7682633989880001,0.8364363890000001,0.7084488940000001,0.022916088117182466,0.77012200205,0.832224237,0.56624843,0.062252263598405314
142,phpOJxGL9.csv,0.560438352014213,0.612579412966716,0.5048245522837511,0.018782715471851733,0.6077050514,0.6642637,0.5,0.021999625144388378,0.5762624393659903,0.6317158570745369,0.519478035116486,0.018736877746173983,0.5703590636,0.6400912,0.5164128,0.028494307825558257,0.5141799843579999,0.625087749,0.49576928299999995,0.02421215975299685,0.602690829322,0.660761896,0.46841736700000003,0.021606379589598535
143,phpoW7Dbi.csv,0.5807813344050282,0.631094643387324,0.529083197528646,0.017622609675318132,0.6169378955999999,0.692719,0.4838049,0.03422150933174084,0.5639687422880311,0.609962541864974,0.5205204477348839,0.015365842692923607,0.6271556686,0.8037683000000001,0.4793425,0.12734649135765808,0.568815890198,0.637738851,0.526930636,0.019155327800293456,0.612061330874,0.701829279,0.481692226,0.05123247209897878
144,phpelnJ6y.csv,0.864466143832,0.8827608720000001,0.837939358,0.006224066974992827,0.8620264644,0.8827815999999999,0.8308709000000001,0.008720717748533762,0.8237175042444821,0.8714113447390189,0.689213573636324,0.027538705457840148,0.651544567,0.837435,0.4941165,0.13730639866408592,0.865747853826,0.88004288,0.841795525,0.005842730667830499,0.853853964122,0.893144617,0.787821601,0.0155702894630904
145,phpPQrHPH.csv,0.8547784123019999,0.972595387,0.81340339,0.027229253673264647,0.791474501,0.9837463,0.5052162,0.15920784948048064,0.8015630021192621,0.970207006010545,0.7222068067204691,0.03442876654854942,0.7084373468,0.9621089,0.4928925,0.2159600279167014,0.8262001263059999,0.97292377,0.72102035,0.034902344089906966,0.831639629256,0.9786342309999999,0.540626911,0.13547231798398948
146,phpSj3fWL.csv,0.848859821838,0.8647156140000001,0.82196286,0.006687985125947706,0.7500192434,0.8636959999999999,0.4994843,0.12218625983105638,0.8024796552610136,0.8446964776774379,0.714211651861553,0.02701358593800902,0.7741881862000001,0.8492886999999999,0.6508441999999999,0.05798179119227829,0.84902435225,0.865099156,0.828189383,0.00647982220061074,0.8146044429779999,0.85429878,0.7236559029999999,0.02443984076548466
147,dataset_32_pendigits.csv,0.9905961887920001,0.9959569629999999,0.9747317059999999,0.0030704762736807802,0.839592025,0.9965103000000001,0.494895,0.18776664738040338,0.9617476148269973,0.979323845925188,0.90214144751408,0.01171508152383583,0.7293737536000001,0.9978271999999999,0.5578604,0.1728910104475035,0.98988780784,0.99671638,0.9543492370000001,0.005566945913018251,0.9685974999779999,0.997726366,0.6136175739999999,0.05933941562478577
148,dataset_3_kr-vs-kp.csv,0.981341434158,0.996512664,0.9631978390000001,0.008161479876170575,0.9880361158,0.9977651,0.8761747999999999,0.01678856448693319,0.9719701383272348,0.995966849886585,0.8814508816986241,0.018000940611443042,0.6040710332,0.9824252,0.5,0.10251796920204535,0.9816345982979999,0.99653576,0.961727812,0.00794056235236882,0.9904405972520001,0.9983934090000001,0.674958517,0.023222897234483803
149,dataset_46_splice.csv,0.9652384328820001,0.971785696,0.958377635,0.0030109452105115423,0.9692883708000001,0.9767296999999998,0.8812193000000001,0.008285170786657053,0.9407668307357083,0.9586060813013259,0.8770263565746291,0.014984833846839683,0.7621632422,0.879387,0.6428664000000001,0.10988921678822038,0.965143336666,0.972735784,0.957199115,0.0029123743179435405,0.9639295811540001,0.974847349,0.838488523,0.011623164821374975
150,mozilla4.csv,0.9195427748439999,0.9314749809999999,0.91337616,0.004224208643150911,0.9054169529999999,0.939041,0.6975073,0.046503051031822715,0.9130186157979162,0.921184476804568,0.8994737133941859,0.0043904013148326464,0.7442343796,0.8985331,0.5668863000000001,0.13995131046226625,0.894164480466,0.9305015109999999,0.840867481,0.013330617627209272,0.925206041776,0.936885948,0.884330515,0.008451795724224938
151,phpV5QYya.csv,0.95262024607,0.972487166,0.937043835,0.007488046726267268,0.9634701012000001,0.9749546999999998,0.9089891999999999,0.013287258012288644,0.9362423621077803,0.9655784267783258,0.8670529262675649,0.01419857293901705,0.8147283736,0.9704733,0.7368237,0.07251075075767169,0.9531159786319999,0.973393673,0.933800324,0.008049678619327984,0.962431177488,0.975648365,0.8506971059999999,0.015148626812096975
152,AP_Breast_Prostate.csv,0.9809878711484596,0.9857142857142859,0.9642857142857142,0.0040877210800486724,0.9810808403361345,0.9857142857142859,0.961904761904762,0.005239647312418494,0.9720997478991596,0.9914285714285709,0.951302521008403,0.007151999977086414,0.7162135838,0.9412604999999999,0.5,0.2002046812946182,0.9755309523340002,0.985714286,0.9678571429999999,0.005113227871341249,0.971221484594,0.98872549,0.93697479,0.008596572477608698
153,AP_Breast_Omentum.csv,0.9195665756302521,0.970147058823529,0.887058823529412,0.014906337822143812,0.9305489705882353,0.965850840336135,0.8103676470588229,0.015155733663026683,0.909159768907563,0.9584978991596641,0.8427521008403359,0.021911705857988125,0.6544740968,0.8444013000000001,0.5,0.14346363729760328,0.9041461134500001,0.943571429,0.8780462179999999,0.013860081250851202,0.926325336126,0.962678571,0.8684138659999999,0.013463061595072635
154,analcatdata_broadwaymult.csv,0.7196003246090164,0.752431657351012,0.6592628518434971,0.01827082033361113,0.6916728602666665,0.7583377,0.46180870000000007,0.04579693145065382,0.70172611454124,0.7538639287832841,0.649765012963938,0.017857588829434036,0.6617270445424747,0.7318231042155771,0.577218789772553,0.01141319513882599,0.729204227046,0.7501413290000001,0.657019262,0.019571357029283688,0.6995589173793333,0.741454245,0.556702854,0.025226486315461708
155,analcatdata_marketing.csv,0.5896621205283806,0.620139541482421,0.5202985683604879,0.016968345762556087,0.549573703,0.6072339,0.510703,0.013514785367864731,0.5478560163591789,0.596064110073398,0.495812677560356,0.016107769864052327,0.5760593671411518,0.6085967237863521,0.514015790669041,0.02770887081496458,0.5968246346286666,0.6140167360000001,0.556269398,0.012199341162001005,0.5642034603546667,0.608518167,0.499118805,0.01858061088026792
156,arrhythmia.csv,0.8116462857142858,0.8535714285714279,0.7458690476190479,0.019013309532883854,0.8195272147333332,0.8595,0.7657976,0.015753495377294674,0.7369774126984127,0.821547619047619,0.657083333333333,0.026020178809942725,0.5507194606666667,0.7165119000000001,0.5,0.053337296551980544,0.7825377142913333,0.850011905,0.705,0.024714883436357825,0.7777188412839999,0.842761905,0.609666667,0.030920367702159512
157,autoHorse.csv,0.9308466168091167,0.9902777777777779,0.8305021367521371,0.021774240693798047,0.9773230697333334,1.0,0.9082799000000001,0.009813810774029777,0.8940468304843304,0.9736111111111109,0.792254273504273,0.03011721255461916,0.7042569088319087,0.9482371794871801,0.583333333333333,0.07519894655747103,0.9301200498533332,0.989583333,0.82142094,0.02367920707621783,0.9736673076326666,0.9961538459999999,0.9239316240000001,0.011274725989707685
158,autoMpg.csv,0.9109032052353104,0.940455304928989,0.8734565580618209,0.010506938049748681,0.9169867793333333,0.9451107,0.8845718000000001,0.00862642454248443,0.8887573517126149,0.9255639097744359,0.8398767752715122,0.014095474889491968,0.8285391840712892,0.9194924812030071,0.732136591478697,0.057749626789201404,0.8970355346933334,0.935839599,0.883964077,0.008404948959920661,0.9065992843260001,0.9425856309999999,0.77325188,0.014009299577447912
159,autos.csv,0.8138631257631258,0.9220695970695971,0.549725274725275,0.044652555224476004,0.8932234426666668,0.9449634,0.5571429,0.02922149840974096,0.7635346153846155,0.9023809523809521,0.5834249084249079,0.043687141179931555,0.5556015262515263,0.855677655677656,0.450824175824176,0.05173199997204941,0.7435552503046666,0.91043956,0.49642857100000004,0.06938759993288586,0.8784807081726667,0.9380952379999999,0.746520147,0.032447698758581625
160,biomed.csv,0.8621346611721613,0.922664835164835,0.7832417582417579,0.02383019931224347,0.9082716101333334,0.9494505,0.7824863000000001,0.015310858242143436,0.8209331501831503,0.912706043956044,0.706456043956044,0.03250005189743524,0.6798822344322344,0.9157967032967029,0.5,0.1407856184033164,0.7594283882700001,0.935714286,0.5,0.13406150908455958,0.8977375457873333,0.952678571,0.7769230770000001,0.02693261513465766
161,braziltourism.csv,0.5651858669354839,0.6599249551971329,0.49682459677419394,0.040850598028803475,0.5918907572666667,0.6609946,0.4978035,0.022947828307050767,0.5894065643667862,0.6739180107526881,0.496029345878136,0.037317120251542754,0.5362096490442055,0.6455566756272401,0.482109094982079,0.033650332482813836,0.5287625821586667,0.611935484,0.496875,0.036856642587855745,0.5968944474519999,0.648615591,0.5281350810000001,0.0183838341230392
162,bridges.csv,0.8077805555555556,0.885952380952381,0.5225,0.050561347541547036,0.8106680176,0.8832143,0.7152381,0.025470015346469987,0.7753326984126986,0.8694047619047621,0.570238095238095,0.04795503320025439,0.6154600793650794,0.8665476190476189,0.5,0.11668553200853822,0.7795736508286667,0.871071429,0.5,0.04846830622211211,0.8052242063713334,0.897380952,0.6939285709999999,0.03256521062479584
163,cars.csv,0.8435959019029752,0.9222202492629319,0.717512898686679,0.04474675415199442,0.8857870760000001,0.9208356,0.7800566,0.015580703145862095,0.8159968240194764,0.892849939694452,0.7154615049584558,0.03509831024556319,0.7183402902483694,0.8495852318413291,0.654996649691772,0.028864229815728983,0.790124469422,0.90231188,0.717423613,0.044777848123567714,0.8850202097159999,0.926286518,0.663020805,0.024869861995646537
164,colleges_aaup.csv,0.973494105442237,0.982373993861321,0.947698463305828,0.004273579383104042,0.9757447349333334,0.9854084999999999,0.8774156999999999,0.004273948474266716,0.9559314506953037,0.97892652815417,0.8698451919159709,0.013178167964114007,0.6501879554098062,0.923672112024575,0.5,0.14957480351757405,0.9602524188559999,0.98586111,0.836960013,0.01616251206272134,0.9727883417766667,0.987130167,0.920141195,0.006503147589027478
165,dataset_105_lung-cancer.csv,0.6070041666666666,0.825,0.475,0.0703159622880162,0.5947958333333333,0.8375,0.4375,0.05619159727849613,0.5995208333333333,0.80625,0.45,0.054809587070713546,0.5627875,0.74375,0.4375,0.0396705554628428,0.6068666666666667,0.825,0.4625,0.07307888765872474,0.598125,0.7625,0.41875,0.05110494204804942
166,dataset_189_baseball.csv,0.9508406169142893,0.957531033599376,0.93844132039733,0.0027682132133591162,0.9494479732001251,0.9591305519565531,0.9312940395992242,0.0028717596087428987,0.9416978219699331,0.9557800057584029,0.9256255405587691,0.00487367275013562,0.9157059331333335,0.9300697,0.883009,0.014942458626795364,0.9462924168553333,0.9558014890000001,0.930069733,0.005269080161405937,0.9463201492226666,0.95692931,0.85979585,0.007831916535733445
167,dataset_190_braziltourism.csv,0.8646302369150205,0.8743319071424571,0.820361190496968,0.005758219164677326,0.805766731,0.8686645000000001,0.46915569999999995,0.06699468436592453,0.8556359723826074,0.8731133449883449,0.800670787349035,0.012015709548427645,0.8374557907882733,0.862196256531943,0.783787772187162,0.014913041058405754,0.8667605615993332,0.871790554,0.834694013,0.0020471176695217247,0.8272766981613334,0.875725341,0.658074245,0.03515616848342709
168,dataset_194_eucalyptus.csv,0.7873374285244149,0.810852590604303,0.7409890498375091,0.009853430268627781,0.7898664132000001,0.8124073,0.6861749,0.010408188870635323,0.7382929113188532,0.78264225698301,0.6772257060142329,0.018610749582576497,0.5951506220004251,0.7342776595088241,0.564319439302316,0.022508011254869797,0.7758635594086666,0.8098584759999999,0.7170379929999999,0.015265075771327815,0.7781699031826667,0.8202038209999999,0.6600288470000001,0.025780804014510654
169,dataset_25_colic.ORIG.csv,0.773075393162393,0.855884615384615,0.554089743589744,0.04217308598660735,0.7891016214666667,0.8510641,0.5927949,0.02285594993576355,0.7466366196581197,0.8542051282051278,0.5583974358974361,0.04582266798115459,0.5522100683760683,0.694121794871795,0.505608974358974,0.032405778946188304,0.7096610384753334,0.8643589740000001,0.495833333,0.10074400035989028,0.769782260678,0.845224359,0.606923077,0.024883504037829525
170,dataset_29_credit-a.csv,0.864073702349339,0.884939706586566,0.8104288015323671,0.00753407866244374,0.8601428475999999,0.8842648999999999,0.8275014,0.008689088269805289,0.8387774444589555,0.871646423751687,0.7669465848243441,0.016430854861956865,0.6362192603717731,0.811420051369118,0.492105263157895,0.11974076844993904,0.8593745206233333,0.878496365,0.832664229,0.0060194385069434605,0.8503220723233335,0.8900208959999999,0.7149875929999999,0.017112630798330808
171,dataset_35_dermatology.csv,0.9723793284493284,0.9902472527472529,0.9403992673992672,0.010191221354121949,0.9805252133999999,0.9903333000000001,0.8920421000000001,0.005776422660268245,0.9439859682539682,0.980327838827839,0.8570238095238091,0.020101352296745974,0.7439479059829063,0.9885,0.583652014652015,0.15501026015654576,0.9766511929020001,0.993794872,0.937456044,0.013438762759071392,0.949526240526,0.988747253,0.5713516479999999,0.06722643274963577
172,dataset_38_sick.csv,0.8961086942740534,0.9702265682031271,0.523278985507246,0.03989247254470029,0.8831786316,0.9655559000000001,0.491604,0.08798411953399239,0.8820065163217905,0.9593965216007421,0.621432478437315,0.04970670563820222,0.5880699749333334,0.8830469999999999,0.5110418,0.07737916176272826,0.7122022219453333,0.90258155,0.499717514,0.1328865891882302,0.9343754336273333,0.968052655,0.8520871999999999,0.019405364945664205
173,dataset_4_labor.csv,0.7210638888888888,0.975,0.4833333333333329,0.13679217288344767,0.8416249917333335,0.975,0.6125,0.07033631031727547,0.7367055555555554,0.925,0.4416666666666671,0.08973322521402563,0.6538361111111111,0.95,0.5,0.13407169395456045,0.663877777754,0.975,0.475,0.15673694557927506,0.8470499999226666,0.9625,0.7041666670000001,0.03883353707297987
174,dataset_51_heart-h.csv,0.7844305227715755,0.8226262626262629,0.71666932482722,0.015382363080837416,0.7810215122000002,0.8480064,0.7195375,0.01689311575093083,0.7521262714867978,0.8216214779372671,0.6428787878787879,0.02337919952138043,0.6353054598617757,0.818540669856459,0.496959064327485,0.10535136480914123,0.7718085858706666,0.8127937270000001,0.714356725,0.012099462606197642,0.7700655732693333,0.836158958,0.683312068,0.022348920008221473
175,dataset_55_hepatitis.csv,0.6247425213675214,0.779807692307692,0.4958333333333329,0.059576055499227655,0.7235061979333334,0.8217949000000001,0.5791666999999999,0.03738808713452332,0.6511314102564103,0.7842948717948721,0.506730769230769,0.044054758166801156,0.6022561965811967,0.809615384615385,0.4958333333333329,0.10419942881613098,0.6268647435599999,0.792628205,0.483333333,0.08007052083778897,0.7009393162186666,0.833974359,0.565705128,0.046955101947084084
176,dataset_57_hypothyroid.csv,0.9949698179245672,0.9985881073843,0.966417126759841,0.0026276020096373015,0.9882146794666666,0.9984071,0.6721331,0.03582808704619321,0.9908192334650366,0.9973479404575029,0.9646543047746708,0.005518913313701375,0.9307669702,0.9738438,0.90722,0.019670540821134428,0.971026227976,0.99505606,0.948571707,0.014202018536967296,0.9941452645706667,0.998408478,0.787426367,0.012389591542836639
177,dataset_5_arrhythmia.csv,0.84884688928847,0.8813006943927171,0.7916044036048699,0.01662497647873865,0.7094308287333333,0.8808905999999999,0.4750474,0.1463601301315282,0.8173709586221664,0.8510751415449859,0.77169991740243,0.012137525527496994,0.7622229548666667,0.7939722,0.7493082,0.009972684037189457,0.8226338453613334,0.873768619,0.7514034940000001,0.027726648836889422,0.8263979836786666,0.86776052,0.6168282310000001,0.02645884222676347
178,dataset_9_autos.csv,0.8190939792960663,0.9173913043478259,0.727786967418546,0.03511968025485943,0.8904572808666666,0.9330478999999999,0.6362078,0.02071357472112992,0.7792193516267614,0.900096575430672,0.6794337474120079,0.0359685715363243,0.6656392125669907,0.8278696642792751,0.53713376326191,0.07527572502093823,0.782559519542,0.9154191999999999,0.6873972629999999,0.045570693392304115,0.8697113313293333,0.9216024840000001,0.651010515,0.05334641204796425
179,heart-c.csv,0.8207633834302951,0.8500969618616679,0.726333225597932,0.01355468006059402,0.7942432171999999,0.8576862,0.7368494999999999,0.018537794234772146,0.7725821468972204,0.840416936005171,0.691669360051713,0.02411254124204266,0.6301975072721396,0.800414107950873,0.5,0.11563126255073733,0.82055828755,0.860811248,0.7796178090000001,0.010661347622024144,0.7684991583106666,0.847979961,0.681847931,0.025133699522818336
180,irish.csv,0.9762015766306522,0.9897058823529409,0.78703593937575,0.020648683256216306,0.9775682059333334,0.9896471,0.927701,0.00729524561132829,0.9574453413865546,0.9897058823529409,0.765073829531813,0.038631316125409355,0.8923808639955982,0.9895539465786309,0.7746585384153659,0.053782082138819035,0.9754699346906667,0.989705882,0.7870591990000001,0.02195576695657782,0.9770600997093334,0.9896764709999999,0.45699474799999995,0.031704411222351896
181,jm1.csv,0.576015890825895,0.615433144915958,0.546520994766164,0.01384556575299819,0.5912566314,0.6214444,0.5033345,0.02127405224313843,0.5868763972357045,0.619725542168,0.558423195778537,0.008441168609754385,0.5475575495333335,0.5796656,0.5022098,0.012847882200618917,0.5415055285339999,0.612334162,0.49994305200000005,0.025237008606306725,0.5861386987053333,0.620008986,0.5,0.024146681116493287
182,lymphoma_2classes.csv,0.833288888888889,0.975,0.5,0.13754194063866865,0.9031666629999999,1.0,0.6583333,0.04520468945195608,0.8053055555555555,0.941666666666667,0.608333333333333,0.05925523275959615,0.6198055564666667,0.8833333000000001,0.475,0.11609707705920788,0.8474333332813333,0.9833333329999999,0.45833333299999995,0.1547738276649648,0.7980055555573334,0.9833333329999999,0.591666667,0.07212642940071065
183,openml_phpJNxH0q.csv,0.9602368639291465,0.978460144927536,0.924088164251208,0.00918896621540969,0.9582113820666667,0.9743599000000001,0.7447029000000001,0.014433664141839312,0.934332729468599,0.9589553140096619,0.903142512077295,0.008730472896569334,0.9390680427236715,0.9707367149758449,0.9082609,0.01274066214910843,0.9638942367266666,0.9785084540000001,0.93310628,0.006196559240354226,0.9505499839139999,0.975373188,0.90131401,0.013995651887408839
184,pbc.csv,0.687002118823629,0.735348334604627,0.628782100177981,0.015344085993573925,0.6935126025333332,0.7413425,0.6338991,0.015833321389017496,0.6373696711585728,0.7106153063818971,0.560017798118485,0.021427523267942433,0.5712447164,0.6900585,0.4972858,0.05794542328546663,0.676477985426,0.7156687009999999,0.53452835,0.018519334006172165,0.688285333492,0.74816298,0.541437834,0.018592822649780585
185,phpAz9Len.csv,0.7755870355465596,0.851988038696927,0.6840656078668879,0.031605785248141664,0.8360426048666667,0.8900212,0.6557964,0.027097662358680552,0.7160505869087085,0.7910503394746908,0.6349449748183089,0.02335061509824015,0.5283645572666666,0.6290793,0.4983871,0.028921458113992916,0.7495750508579999,0.842968451,0.647579051,0.030253166542929425,0.8128707114113334,0.8814944459999999,0.52680575,0.03550764738422565
186,phpFsFYVN.csv,0.9383179508293503,0.9770183156419109,0.851081292303202,0.029770520977492228,0.9655531781333333,0.9798268,0.7169916999999999,0.02524227491444883,0.9209882144038661,0.9715225384951272,0.854739183485914,0.025280142822102093,0.8505889247333335,0.945684,0.7444793000000001,0.07526242854958382,0.9107021977259999,0.9756042629999999,0.851081292,0.03336942330710567,0.9483355504526667,0.980568908,0.764427705,0.040401904020799635
187,phpH2fvsy.csv,0.7173578571428574,0.83,0.5546428571428571,0.051817809782091974,0.7416024861999999,0.8625,0.6328571,0.03287546277609982,0.7082116666666668,0.8242857142857142,0.5483928571428571,0.041695146195666166,0.5724183544666667,0.825,0.4532143,0.042810732089191006,0.6891702381499999,0.8198214290000001,0.567142857,0.055044113279711177,0.7143672619833334,0.845535714,0.563214286,0.042991814898876914
188,phpjuWdq9.csv,0.7736655468975469,0.856662337662338,0.6400346320346321,0.04557403431831302,0.7985155186666667,0.8585411000000001,0.6427143,0.02806457318864881,0.7453876940836941,0.825779220779221,0.627701298701299,0.02743437825469204,0.6781389207333335,0.8369221,0.6352770999999999,0.0307220598287066,0.7647048600353334,0.859329004,0.653367965,0.04574069525866111,0.8041668888733332,0.85678355,0.6760995670000001,0.02295222599613223
189,phplVyjYQ.csv,0.769473896103896,0.856212121212121,0.6533679653679649,0.04254008622450244,0.7779813643333333,0.8466364,0.5366449999999999,0.033349907010785204,0.7443080836940839,0.8205454545454541,0.642199134199134,0.025561126592620012,0.6650309346000001,0.8096364,0.6117056,0.02122454249853701,0.7598092640946665,0.842922078,0.653367965,0.03967586179207588,0.7980955555433333,0.847922078,0.669510823,0.020886467815336533
190,phpu00N5N.csv,0.8004177380952381,0.9085714285714291,0.5805357142857139,0.0627080348445168,0.8233329715999999,0.9271429,0.7069643,0.027036176548075344,0.7762097619047619,0.8935714285714291,0.61875,0.048638621388177206,0.6699048848666667,0.88,0.5633929,0.06688139999026219,0.7692632142806667,0.932321429,0.559642857,0.06998219730389482,0.8061997619306667,0.9071428570000001,0.601428571,0.03460305544966754
191,schizo.csv,0.5582102532679739,0.6191584967320259,0.46587009803921603,0.024687351712659365,0.5650589045333334,0.6312091999999999,0.49444440000000006,0.021336049667399992,0.5292999591503268,0.606821895424837,0.43739787581699396,0.025754066108663477,0.49714180426666665,0.6246324000000001,0.43549840000000006,0.025552391847971822,0.5922698120993334,0.638909314,0.546854575,0.011928960620438547,0.5505354030373333,0.62377451,0.47150735299999996,0.023371147031075238
192,speeddating.csv,0.9981526570048309,1.0,0.927536231884058,0.007263448132756267,0.9997136490666667,1.0,0.9412888,0.0027728952374544784,0.9751876043741873,1.0,0.791908280684918,0.041507922214280325,0.7005520298666666,0.7287935000000001,0.6606601,0.006630757794098953,0.9983731407853332,1.0,0.943478261,0.006533699165388485,1.0,1.0,1.0,0.0
193,analcatdata_homerun.csv,0.7363669468810916,0.7816840277777779,0.6481753812636171,0.01784464915203556,0.6947014866892176,0.759146833075335,0.631307189542484,0.01831090800735628,0.7138812269593511,0.787334021327829,0.620065359477124,0.024146606814246026,0.7184732788000001,0.763848,0.6283496999999999,0.039108854318210255,0.7427893734586666,0.7711243870000001,0.6775386999999999,0.015212248562271742,0.6918113483486668,0.764491422,0.572821351,0.02410025269360862
